name,price,processor_type,graphics_card,motherboard_chipset
Komputronik Infinity X511 [K2],5690.0,"i5-11400F (2.6 GHz, 4.4 GHz Turbo, 12MB Cache, 65W)",Geforce RTX 3060,Intel B560  (MSI B560-A PRO)
Komputronik Infinity X512 [N8],8590.0,"i5-12400F (2.5GHz, 4.4GHz Turbo, 18MB Cache, 65W)",Geforce RTX 3060,Intel B660  (ROG STRIX B660-I GAMING WIFI)
Komputronik Infinity X512 [N5],7590.0,"i5-12400F (2.5GHz, 4.4GHz Turbo, 18MB Cache, 65W)",Geforce RTX 3060,Intel B660  (ROG STRIX B660-I GAMING WIFI)
ASUS ROG Strix GL10CS-PL131AT - 256GB M.2 PCIe | 16GB,4099.0,"i5-9400 (2.9 GHz, 4.1 GHz Turbo, 9 MB Cache)",GeForce RTX 2060,Intel B360
Komputronik Ultimate X711 [L4],10690.0,"i7-11700KF (3.6 GHz, 5.0 GHz Turbo, 16MB Cache, 125W)",GeForce RTX 3070 Ti,Intel Z590  (Gigabyte Z590 Gaming X)
MSI MAG Infinite S 10TC-090EU - 1TB M.2 PCIe + 1TB HDD | 32GB,5690.0,"i5-10400F (2.9 GHz, 4.3 GHz Turbo, 12 MB Cache, 65W)",Geforce RTX 3060,Intel H410
Komputronik Ultimate X711 [H3],7990.0,"i7-11700K (3.8 GHz, 5.1 GHz Turbo, 16MB Cache, 125W)",GeForce RTX 3070,Intel Z590  (Asus Z590-P)
Komputronik Infinity X312 [A3],4049.0,"i3-12100F (3.3 GHz, 4.3 GHz Turbo, 12MB Cache 58W)",GeForce GTX 1650,Intel H610  (ASUS PRIME H610M-E D4)
Komputronik Infinity X712 [B3],8190.0,"i7-12700F (2.1 GHz, 4.9 GHz Turbo, 25MB Cache, 65W)",GeForce RTX 3060 Ti,Intel B660  (ASUS PRIME B660M-A D4)
Komputronik Infinity X512 [M1],8790.0,"i5-12600KF (3.7 GHz, 4.9 GHz Turbo, 20MB Cache, 125W)",GeForce RTX 3060 Ti,Intel Z690  (ASUS PRIME Z690-P D4)
Komputronik Infinity R550 [P5],5290.0,"5 5500 (3.6 GHz, 4.2 GHz Turbo, 16MB Cache, 65W)",Geforce RTX 3050,AMD B550
Komputronik Infinity R550 [R5],6090.0,"5 5600 (3.5GHz, 4.4GHz Turbo, 32MB Cache, 65W)",Geforce RTX 3060,AMD B550  (Gigabyte B550 GAMING X V2)
Komputronik Infinity R550 [K8],7290.0,"5 5600 (3.5GHz, 4.4GHz Turbo, 32MB Cache, 65W)",Geforce RTX 3060,AMD B550  (Gigabyte B550 GAMING X V2)
ASUS ROG Strix G15DK-R5800X2190 - 1TB M.2 PCIe | 24GB,7090.0,"7 5800X (3.8GHz, 4.7GHz Turbo, 32MB Cache, 105W)",GeForce RTX 3070,AMD B550
ASUS ROG Strix G15DK-R5800X2190 - 512GB M.2 PCIe | Windows 11 Home,7290.0,"7 5800X (3.8GHz, 4.7GHz Turbo, 32MB Cache, 105W)",GeForce RTX 3070,AMD B550
ASUS ROG Strix G10DK-R5600X111W - 1TB M.2 PCIe | 24GB,5890.0,"5 5600X (3.7GHz, 4.6GHz Turbo, 32MB Cache, 65W)",Geforce RTX 3060,AMD B550
Komputronik Infinity X512 [J4],7190.0,"i5-12400F (2.5GHz, 4.4GHz Turbo, 18MB Cache, 65W)",Geforce RTX 3060,Intel B660  (Gigabyte B660M DS3H AX DDR4)
Komputronik Infinity X511 [F8],5190.0,"i5-11400F (2.6 GHz, 4.4 GHz Turbo, 12MB Cache, 65W)",GeForce GTX 1650,Intel H510  (Asus H510M-D)
Komputronik Infinity X512 [F4],5990.0,"i5-12400F (2.5GHz, 4.4GHz Turbo, 18MB Cache, 65W)",Geforce RTX 3050,Intel H610  (Asus H610M-A D4)
Komputronik Infinity HC512 [A01],8490.0,"i5-12600K (3.7 GHz, 4.9 GHz Turbo, 20MB Cache, 125W)",GeForce RTX 3060 Ti,Intel Z690  (ASUS Prime Z690-P Wifi D4)
Komputronik Infinity R550 [K2],6790.0,"5 5600 (3.5GHz, 4.4GHz Turbo, 32MB Cache, 65W)",Geforce RTX 3060,AMD B550  (Gigabyte B550 GAMING X V2)
Komputronik Infinity X510 [S2],4199.0,"i5-10400F (2.9 GHz, 4.3 GHz Turbo, 12 MB Cache, 65W)",GeForce GTX 1650,Intel H510  (ASUS PRIME H510M-E)
Komputronik Infinity X511 [K3],6290.0,"i5-11400F (2.6 GHz, 4.4 GHz Turbo, 12MB Cache, 65W)",Geforce RTX 3060,Intel B560  (MSI B560-A PRO)
Komputronik Infinity X712 [B1],7790.0,"i7-12700F (2.1 GHz, 4.9 GHz Turbo, 25MB Cache, 65W)",GeForce RTX 3060 Ti,Intel B660  (ASUS PRIME B660M-A D4)
Komputronik Infinity X511 [N5],6290.0,"i5-11400F (2.6 GHz, 4.4 GHz Turbo, 12MB Cache, 65W)",Geforce RTX 3060,Intel B560  (Gigabyte B560M DS3H V2)
Komputronik Infinity X511 [N7],6490.0,"i5-11400F (2.6 GHz, 4.4 GHz Turbo, 12MB Cache, 65W)",Geforce RTX 3060,Intel B560  (Gigabyte B560M DS3H V2)
Komputronik Infinity X511 [N8],7190.0,"i5-11400F (2.6 GHz, 4.4 GHz Turbo, 12MB Cache, 65W)",Geforce RTX 3060,Intel B560  (Gigabyte B560M DS3H V2)
Komputronik Infinity X510 [T1],5690.0,"i5-10400F (2.9 GHz, 4.3 GHz Turbo, 12 MB Cache, 65W)",Geforce RTX 3060,Intel B560  (ASUS PRIME B560M-A)
Komputronik Infinity X511 [J3],5990.0,"i5-11400F (2.6 GHz, 4.4 GHz Turbo, 12MB Cache, 65W)",Geforce RTX 3060,Intel B560  (Asus B560M-A)
Komputronik Infinity X712 [C5],7990.0,"i7-12700F (2.1 GHz, 4.9 GHz Turbo, 25MB Cache, 65W)",GeForce RTX 3060 Ti,Intel B660  (ASUS PRIME B660M-A D4)
Komputronik Infinity X510 [K3],5490.0,"i5-10400F (2.9 GHz, 4.3 GHz Turbo, 12 MB Cache, 65W)",Geforce RTX 3060,Intel B560  (Gigabyte B560M Aorus Elite)
Komputronik Infinity X712 [D5],7690.0,"i7-12700F (2.1 GHz, 4.9 GHz Turbo, 25MB Cache, 65W)",Geforce RTX 3060,Intel B660  (ASUS PRIME B660M-A D4)
Komputronik Infinity X712 [D6],8290.0,"i7-12700F (2.1 GHz, 4.9 GHz Turbo, 25MB Cache, 65W)",Geforce RTX 3060,Intel B660  (ASUS PRIME B660M-A D4)
Lenovo IdeaCentre Gaming 5-14ACN6 (90RW002WPB) - 1TB M.2 PCIe | Windows 11 Home,5390.0,"5 5600G (3.9GHz, 4.4GHz Turbo, 16MB Cache, 65W)",Geforce RTX 3060,
Komputronik Infinity X712 [E5],7490.0,"i7-12700F (2.1 GHz, 4.9 GHz Turbo, 25MB Cache, 65W)",Geforce RTX 3060,Intel B660  (ASUS PRIME B660M-A D4)
Komputronik Infinity X712 [D1],7190.0,"i7-12700F (2.1 GHz, 4.9 GHz Turbo, 25MB Cache, 65W)",Geforce RTX 3060,Intel B660  (ASUS PRIME B660M-A D4)
ASUS ROG Strix G10DK-R5600X111W - 512GB M.2 PCIe | 24GB,5690.0,"5 5600X (3.7GHz, 4.6GHz Turbo, 32MB Cache, 65W)",Geforce RTX 3060,AMD B550
ASUS ROG Strix G10DK-R5600X111W - 512GB M.2 PCIe | 32GB,5790.0,"5 5600X (3.7GHz, 4.6GHz Turbo, 32MB Cache, 65W)",Geforce RTX 3060,AMD B550
ASUS ROG Strix G10DK-R5600X111W - 1TB M.2 PCIe | 32GB,6090.0,"5 5600X (3.7GHz, 4.6GHz Turbo, 32MB Cache, 65W)",Geforce RTX 3060,AMD B550
ASUS ROG Strix G10DK-R5600X111W - 1TB M.2 PCIe,5790.0,"5 5600X (3.7GHz, 4.6GHz Turbo, 32MB Cache, 65W)",Geforce RTX 3060,AMD B550
HP Victus 15L Gaming TG02-0001nw (677F9EA) Metal Mica silver,5990.0,"5 5600G (3.9GHz, 4.4GHz Turbo, 16MB Cache, 65W)",Radeon RX 6600 XT,
HP Victus 15L Gaming TG02-0000nw (677F8EA) Metal Ceramic White,5990.0,"5 5600G (3.9GHz, 4.4GHz Turbo, 16MB Cache, 65W)",Radeon RX 6600 XT,
Komputronik Infinity HC912 [A03],15990.0,"i9-12900 (2.4 GHz, 5.1 GHz Turbo, 30MB Cache 202W)",GeForce RTX 3080 Ti  (Asus TUF),Intel Z690  (ASUS TUF Gaming-Plus WiFi)
Komputronik Infinity HC912 [A01],15690.0,"i9-12900 (2.4 GHz, 5.1 GHz Turbo, 30MB Cache 202W)",GeForce RTX 3080 Ti  (Asus TUF),Intel Z690  (ASUS TUF Gaming-Plus WiFi)
Komputronik Infinity R550 [J2],4990.0,"5 5500 (3.6 GHz, 4.2 GHz Turbo, 16MB Cache, 65W)",Geforce RTX 3050,AMD B550
Komputronik Infinity X712 [E8],8490.0,"i7-12700F (2.1 GHz, 4.9 GHz Turbo, 25MB Cache, 65W)",Geforce RTX 3060,Intel B660  (ASUS PRIME B660M-A D4)
Komputronik Infinity R550 [N2],7190.0,"5 5600X (3.7GHz, 4.6GHz Turbo, 32MB Cache, 65W)",GeForce RTX 3060 Ti,AMD B550  (ASUS PRIME B550-PLUS)
Komputronik Infinity X511 [N3],6190.0,"i5-11400F (2.6 GHz, 4.4 GHz Turbo, 12MB Cache, 65W)",Geforce RTX 3060,Intel B560  (Gigabyte B560M DS3H V2)
Komputronik Infinity X512 [J7],6490.0,"i5-12400F (2.5GHz, 4.4GHz Turbo, 18MB Cache, 65W)",Geforce RTX 3060,Intel B660  (Gigabyte B660M DS3H AX DDR4)
Komputronik Ultimate X711 [L3],9790.0,"i7-11700KF (3.6 GHz, 5.0 GHz Turbo, 16MB Cache, 125W)",GeForce RTX 3070 Ti,Intel Z590  (Gigabyte Z590 Gaming X)
Komputronik Infinity X512 [J3],5990.0,"i5-12400F (2.5GHz, 4.4GHz Turbo, 18MB Cache, 65W)",Geforce RTX 3060,Intel B660  (Gigabyte B660M DS3H AX DDR4)
Komputronik Infinity X712 [C1],7690.0,"i7-12700F (2.1 GHz, 4.9 GHz Turbo, 25MB Cache, 65W)",GeForce RTX 3060 Ti,Intel B660  (ASUS PRIME B660M-A D4)
Komputronik Infinity X512 [H2],4999.0,"i5-12400F (2.5GHz, 4.4GHz Turbo, 18MB Cache, 65W)",GeForce GTX 1650,Intel H610  (Asus H610M-A D4)
Komputronik Infinity X512 [H4],5290.0,"i5-12400F (2.5GHz, 4.4GHz Turbo, 18MB Cache, 65W)",GeForce GTX 1650,Intel H610  (Asus H610M-A D4)
Komputronik Infinity X510 [S4],4699.0,"i5-10400F (2.9 GHz, 4.3 GHz Turbo, 12 MB Cache, 65W)",GeForce GTX 1650,Intel H510  (ASUS PRIME H510M-E)
ASUS ROG Strix G15DK-R5800X2190 - 1TB M.2 PCIe | 24GB | Windows 11 Home,7690.0,"7 5800X (3.8GHz, 4.7GHz Turbo, 32MB Cache, 105W)",GeForce RTX 3070,AMD B550
Komputronik Infinity HC512 [A02],9490.0,"i5-12600K (3.7 GHz, 4.9 GHz Turbo, 20MB Cache, 125W)",GeForce RTX 3060 Ti,Intel Z690  (ASUS Prime Z690-P Wifi D4)
Lenovo IdeaCentre Gaming 5-14ACN6 (90RW002WPB) - 512GB M.2 PCIe | Windows 11 Home,5190.0,"5 5600G (3.9GHz, 4.4GHz Turbo, 16MB Cache, 65W)",Geforce RTX 3060,
Lenovo IdeaCentre Gaming 5-14ACN6 (90RW002WPB) - 512GB M.2 PCIe | 32GB,4999.0,"5 5600G (3.9GHz, 4.4GHz Turbo, 16MB Cache, 65W)",Geforce RTX 3060,
ASUS ROG Strix G15DK-R5800X2190 - 1TB M.2 PCIe | Windows 11 Home,7590.0,"7 5800X (3.8GHz, 4.7GHz Turbo, 32MB Cache, 105W)",GeForce RTX 3070,AMD B550
ASUS ROG Strix G15DK-R5800X340W - 1TB M.2 PCIe | 24GB,7590.0,"7 5800X (3.8GHz, 4.7GHz Turbo, 32MB Cache, 105W)",GeForce RTX 3070,AMD B550
ASUS ROG Strix G15DK-R5800X2190 - 512GB M.2 PCIe | 32GB,7090.0,"7 5800X (3.8GHz, 4.7GHz Turbo, 32MB Cache, 105W)",GeForce RTX 3070,AMD B550
ASUS ROG Strix G15DK-R5800X340W - 512GB M.2 PCIe | 32GB,7490.0,"7 5800X (3.8GHz, 4.7GHz Turbo, 32MB Cache, 105W)",GeForce RTX 3070,AMD B550
ASUS ROG Strix G15DK-R5800X339W - 1TB M.2 PCIe,6490.0,"7 5800X (3.8GHz, 4.7GHz Turbo, 32MB Cache, 105W)",Geforce RTX 3060,AMD B550
ASUS ROG Strix G15DK-R5800X2190 - 512GB M.2 PCIe | 32GB | Windows 11 Home,7590.0,"7 5800X (3.8GHz, 4.7GHz Turbo, 32MB Cache, 105W)",GeForce RTX 3070,AMD B550
ASUS ROG Strix G15DK-R5800X2190 - 1TB M.2 PCIe | 32GB | Windows 11 Home,7790.0,"7 5800X (3.8GHz, 4.7GHz Turbo, 32MB Cache, 105W)",GeForce RTX 3070,AMD B550
Komputronik Infinity X712 [E6],7990.0,"i7-12700F (2.1 GHz, 4.9 GHz Turbo, 25MB Cache, 65W)",Geforce RTX 3060,Intel B660  (ASUS PRIME B660M-A D4)
ASUS ROG Strix G15DK-R5800X2190 - 1TB M.2 PCIe,6990.0,"7 5800X (3.8GHz, 4.7GHz Turbo, 32MB Cache, 105W)",GeForce RTX 3070,AMD B550
ASUS ROG Strix G15DK-R5800X339W - 1TB M.2 PCIe | 32GB,6690.0,"7 5800X (3.8GHz, 4.7GHz Turbo, 32MB Cache, 105W)",Geforce RTX 3060,AMD B550
Komputronik Infinity X711 [C2],7990.0,"i7-11700KF (3.6 GHz, 5.0 GHz Turbo, 16MB Cache, 125W)",Geforce RTX 3060,Intel Z590  (Asus TUF Z590-PLUS WiFi)
ASUS ROG Strix G15DK-R5800X340W - 1TB M.2 PCIe,7490.0,"7 5800X (3.8GHz, 4.7GHz Turbo, 32MB Cache, 105W)",GeForce RTX 3070,AMD B550
ASUS ROG Strix G15DK-R5800X340W - 1TB M.2 PCIe | 32GB,7790.0,"7 5800X (3.8GHz, 4.7GHz Turbo, 32MB Cache, 105W)",GeForce RTX 3070,AMD B550
Komputronik Infinity X512 [E6],7190.0,"i5-12400F (2.5GHz, 4.4GHz Turbo, 18MB Cache, 65W)",Geforce RTX 3060,Intel B660  (ASUS PRIME B660M-A WIFI D4)
MSI MAG Codex 5 11TC-460EU,5299.0,"i5-11400F (2.6 GHz, 4.4 GHz Turbo, 12MB Cache, 65W)",Geforce RTX 3060,
Komputronik Infinity HC512 [A03],9090.0,"i5-12600K (3.7 GHz, 4.9 GHz Turbo, 20MB Cache, 125W)",GeForce RTX 3060 Ti,Intel Z690  (ASUS Prime Z690-P Wifi D4)
Lenovo IdeaCentre Gaming 5-14ACN6 (90RW002WPB) - 1TB M.2 PCIe + 1TB HDD | Windows 11 Home,5590.0,"5 5600G (3.9GHz, 4.4GHz Turbo, 16MB Cache, 65W)",Geforce RTX 3060,
Lenovo IdeaCentre Gaming 5-14ACN6 (90RW002WPB) - 1TB M.2 PCIe + 1TB HDD | 32GB,5390.0,"5 5600G (3.9GHz, 4.4GHz Turbo, 16MB Cache, 65W)",Geforce RTX 3060,
Lenovo IdeaCentre Gaming 5-14ACN6 (90RW002WPB) - 512GB M.2 PCIe | 32GB | Windows 11 Home,5590.0,"5 5600G (3.9GHz, 4.4GHz Turbo, 16MB Cache, 65W)",Geforce RTX 3060,
Lenovo IdeaCentre Gaming 5-14ACN6 (90RW002WPB) - 1TB M.2 PCIe + 1TB HDD,5090.0,"5 5600G (3.9GHz, 4.4GHz Turbo, 16MB Cache, 65W)",Geforce RTX 3060,
ASUS ROG Strix G15DK-R5800X2190 - 512GB M.2 PCIe | 24GB,6890.0,"7 5800X (3.8GHz, 4.7GHz Turbo, 32MB Cache, 105W)",GeForce RTX 3070,AMD B550
Lenovo IdeaCentre Gaming 5-14ACN6 (90RW002WPB) - 1TB M.2 PCIe + 1TB HDD | 32GB | Windows 11 Home,5990.0,"5 5600G (3.9GHz, 4.4GHz Turbo, 16MB Cache, 65W)",Geforce RTX 3060,
Lenovo IdeaCentre Gaming 5-14ACN6 (90RW002WPB) - 1TB M.2 PCIe | 32GB | Windows 11 Home,5790.0,"5 5600G (3.9GHz, 4.4GHz Turbo, 16MB Cache, 65W)",Geforce RTX 3060,
ASUS ROG Strix G15DK-R5800X339W - 512GB M.2 PCIe | 32GB,6490.0,"7 5800X (3.8GHz, 4.7GHz Turbo, 32MB Cache, 105W)",Geforce RTX 3060,AMD B550
ASUS ROG Strix G15DK-R5800X340W - 512GB M.2 PCIe | 24GB,7390.0,"7 5800X (3.8GHz, 4.7GHz Turbo, 32MB Cache, 105W)",GeForce RTX 3070,AMD B550
Lenovo IdeaCentre Gaming 5-14ACN6 (90RW002WPB) - 512GB M.2 PCIe + 1TB HDD | 32GB,5190.0,"5 5600G (3.9GHz, 4.4GHz Turbo, 16MB Cache, 65W)",Geforce RTX 3060,
Lenovo IdeaCentre Gaming 5-14ACN6 (90RW002WPB) - 512GB M.2 PCIe + 1TB HDD,4849.0,"5 5600G (3.9GHz, 4.4GHz Turbo, 16MB Cache, 65W)",Geforce RTX 3060,
ASUS ROG Strix G15DK-R5800X2190 - 512GB M.2 PCIe | 24GB | Windows 11 Home,7490.0,"7 5800X (3.8GHz, 4.7GHz Turbo, 32MB Cache, 105W)",GeForce RTX 3070,AMD B550
Lenovo IdeaCentre Gaming 5-14ACN6 (90RW002WPB) - 512GB M.2 PCIe + 1TB HDD | Windows 11 Home,5390.0,"5 5600G (3.9GHz, 4.4GHz Turbo, 16MB Cache, 65W)",Geforce RTX 3060,
Lenovo IdeaCentre Gaming 5-14ACN6 (90RW002WPB) - 1TB M.2 PCIe | 32GB,5190.0,"5 5600G (3.9GHz, 4.4GHz Turbo, 16MB Cache, 65W)",Geforce RTX 3060,
ASUS ROG Strix G15DK-R5800X339W - 512GB M.2 PCIe | 24GB,6390.0,"7 5800X (3.8GHz, 4.7GHz Turbo, 32MB Cache, 105W)",Geforce RTX 3060,AMD B550
Komputronik Infinity HC512 [A04],9690.0,"i5-12600K (3.7 GHz, 4.9 GHz Turbo, 20MB Cache, 125W)",GeForce RTX 3060 Ti,Intel Z690  (ASUS Prime Z690-P Wifi D4)
Lenovo IdeaCentre Gaming 5-14ACN6 (90RW002WPB) - 1TB M.2 PCIe,4849.0,"5 5600G (3.9GHz, 4.4GHz Turbo, 16MB Cache, 65W)",Geforce RTX 3060,
ASUS ROG Strix G15DK-R5800X339W - 1TB M.2 PCIe | 24GB,6590.0,"7 5800X (3.8GHz, 4.7GHz Turbo, 32MB Cache, 105W)",Geforce RTX 3060,AMD B550
Komputronik Infinity R550 [M8],7690.0,"5 5600X (3.7GHz, 4.6GHz Turbo, 32MB Cache, 65W)",Geforce RTX 3060,AMD B550  (Gigabyte B550 AORUS ELITE V2)
Komputronik Ultimate R750 [D4],10990.0,"7 5800X (3.8GHz, 4.7GHz Turbo, 32MB Cache, 105W)",Radeon RX 6700 XT,AMD B550  (ASUS ROG STRIX B550-E GAMING)
Komputronik Ultimate X712 [C2],10490.0,"i7-12700F (2.1 GHz, 4.9 GHz Turbo, 25MB Cache, 65W)",GeForce RTX 3070 Ti,Intel B660  (ASUS PRIME B660M-A D4)
Komputronik Infinity R550 [M6],7390.0,"5 5600X (3.7GHz, 4.6GHz Turbo, 32MB Cache, 65W)",Geforce RTX 3060,AMD B550  (Gigabyte B550 AORUS ELITE V2)
Komputronik Powered by ASUS [ProArt-B4],17390.0,"i7-12700KF (3.6 GHz, 5.0 GHz Turbo, 25MB Cache 125W)",GeForce RTX 3080 Ti,Intel Z690  (ProArt Z690-CREATOR WiFi)
Komputronik Infinity X512 [K6],7790.0,"i5-12400F (2.5GHz, 4.4GHz Turbo, 18MB Cache, 65W)",GeForce RTX 3060 Ti,Intel B660  (ASUS PRIME B660M-A D4)
Komputronik Infinity X510 [P2],4790.0,"i5-10400F (2.9 GHz, 4.3 GHz Turbo, 12 MB Cache, 65W)",Geforce RTX 3050,Intel H470  (ASUS PRIME H410M-K R2.0)
Komputronik Infinity X300 [B4],3999.0,"i3-10100F (3.60 GHz, 4.30 GHz Turbo, 6 MB Cache, 65W)",GeForce GTX 1650,Intel H470  (ASUS PRIME H410M-K R2.0)
Komputronik Infinity X512 [E5],6190.0,"i5-12400F (2.5GHz, 4.4GHz Turbo, 18MB Cache, 65W)",Geforce RTX 3060,Intel B660  (ASUS PRIME B660M-A WIFI D4)
Komputronik Infinity X300 [B3],3399.0,"i3-10100F (3.60 GHz, 4.30 GHz Turbo, 6 MB Cache, 65W)",GeForce GTX 1650,Intel H470  (ASUS PRIME H410M-K R2.0)
Komputronik Infinity X712 [A4],10990.0,"i7-12700KF (3.6 GHz, 5.0 GHz Turbo, 25MB Cache 125W)",GeForce RTX 3060 Ti,Intel Z690  (Asus Z690-P WIFI D4)
MSI MAG Infinite S 10TC-090EU,4899.0,"i5-10400F (2.9 GHz, 4.3 GHz Turbo, 12 MB Cache, 65W)",Geforce RTX 3060,Intel H410
Komputronik IEM X712 [A2],13490.0,"i7-12700KF (3.6 GHz, 5.0 GHz Turbo, 25MB Cache 125W)",GeForce RTX 3070 Ti,Intel Z690  (ASUS TUF GAMING Z690-PLUS WIFI D4)
Komputronik Powered by ASUS [E2],4099.0,"i5-10400F (2.9 GHz, 4.3 GHz Turbo, 12 MB Cache, 65W)",GeForce GTX 1650  (ASUS GeForce GTX 1650),Intel H410  (Asus PRIME H410M-K R2.0)
Komputronik Infinity X512 [D3],4599.0,"i5-12400F (2.5GHz, 4.4GHz Turbo, 18MB Cache, 65W)",GeForce GTX 1650,Intel H610  (Asus H610M-A D4)
Lenovo Legion T5-26IOB6 (90RT00SAPL),7890.0,"i5-11400F (2.6 GHz, 4.4 GHz Turbo, 12MB Cache, 65W)",GeForce RTX 3070,Intel B560
HP Pavilion GAMING TG01-1003nw (385Y3EA) Czarny,3599.0,"5 4600G (3.7 GHz, 4.2 GHz Turbo, 8 MB Cache, 65W)",GeForce GTX 1650,
Komputronik Infinity HC912 [A02],17690.0,"i9-12900 (2.4 GHz, 5.1 GHz Turbo, 30MB Cache 202W)",GeForce RTX 3080 Ti  (Asus TUF),Intel Z690  (ASUS TUF Gaming-Plus WiFi)
Lenovo IdeaCentre Gaming 5-14ACN6 (90RW002WPB) - 512GB M.2 PCIe + 1TB HDD | 32GB | Windows 11 Home,5790.0,"5 5600G (3.9GHz, 4.4GHz Turbo, 16MB Cache, 65W)",Geforce RTX 3060,
Komputronik Infinity X711 [D5],8790.0,"i7-11700K (3.8 GHz, 5.1 GHz Turbo, 16MB Cache, 125W)",Geforce RTX 3060,Intel Z590
Komputronik Infinity R550 [M4],7290.0,"5 5600X (3.7GHz, 4.6GHz Turbo, 32MB Cache, 65W)",Geforce RTX 3060,AMD B550  (Gigabyte B550 AORUS ELITE V2)
Komputronik Infinity R550 [M5],6790.0,"5 5600X (3.7GHz, 4.6GHz Turbo, 32MB Cache, 65W)",Geforce RTX 3060,AMD B550  (Gigabyte B550 AORUS ELITE V2)
Komputronik Infinity R550 [P8],6190.0,"5 5500 (3.6 GHz, 4.2 GHz Turbo, 16MB Cache, 65W)",Geforce RTX 3050,AMD B550
Komputronik Powered by ASUS [ProArt-B1],16390.0,"i7-12700KF (3.6 GHz, 5.0 GHz Turbo, 25MB Cache 125W)",GeForce RTX 3080 Ti,Intel Z690  (ProArt Z690-CREATOR WiFi)
Komputronik Infinity X512 [J6],6790.0,"i5-12400F (2.5GHz, 4.4GHz Turbo, 18MB Cache, 65W)",Geforce RTX 3060,Intel B660  (Gigabyte B660M DS3H AX DDR4)
Komputronik Infinity HC712 [A01],14490.0,"i7-12700K (3.6 GHz, 5.0 GHz Turbo, 25MB Cache 125W)",GeForce RTX 3070 Ti,Intel Z690  (ASUS TUF Gaming Z690-Plus Wifi D4)
Komputronik Powered by ASUS [ProArt-B3],16790.0,"i7-12700KF (3.6 GHz, 5.0 GHz Turbo, 25MB Cache 125W)",GeForce RTX 3080 Ti,Intel Z690  (ProArt Z690-CREATOR WiFi)
Komputronik Infinity R550 [R1],5490.0,"5 5600 (3.5GHz, 4.4GHz Turbo, 32MB Cache, 65W)",Geforce RTX 3060,AMD B550  (Gigabyte B550 GAMING X V2)
Komputronik Ultimate R750 [D3],10490.0,"7 5800X (3.8GHz, 4.7GHz Turbo, 32MB Cache, 105W)",Radeon RX 6700 XT,AMD B550  (ASUS ROG STRIX B550-E GAMING)
Komputronik Infinity R550 [P3],5190.0,"5 5500 (3.6 GHz, 4.2 GHz Turbo, 16MB Cache, 65W)",Geforce RTX 3050,AMD B550
Komputronik Infinity X510 [S1],3799.0,"i5-10400F (2.9 GHz, 4.3 GHz Turbo, 12 MB Cache, 65W)",GeForce GTX 1650,Intel H510  (ASUS PRIME H510M-E)
Komputronik Ultimate R750 [D1],9990.0,"7 5800X (3.8GHz, 4.7GHz Turbo, 32MB Cache, 105W)",Radeon RX 6700 XT,AMD B550  (ASUS ROG STRIX B550-E GAMING)
Komputronik Infinity X711 [D1],8490.0,"i7-11700K (3.8 GHz, 5.1 GHz Turbo, 16MB Cache, 125W)",Geforce RTX 3060,Intel Z590
Komputronik Infinity R550 [M1],6390.0,"5 5600X (3.7GHz, 4.6GHz Turbo, 32MB Cache, 65W)",Geforce RTX 3060,AMD B550  (Gigabyte B550 AORUS ELITE V2)
Komputronik Infinity X712 [A3],9990.0,"i7-12700KF (3.6 GHz, 5.0 GHz Turbo, 25MB Cache 125W)",GeForce RTX 3060 Ti,Intel Z690  (Asus Z690-P WIFI D4)
Komputronik Infinity R550 [P2],5490.0,"5 5500 (3.6 GHz, 4.2 GHz Turbo, 16MB Cache, 65W)",Geforce RTX 3050,AMD B550
Komputronik Infinity X712 [C6],8690.0,"i7-12700F (2.1 GHz, 4.9 GHz Turbo, 25MB Cache, 65W)",GeForce RTX 3060 Ti,Intel B660  (ASUS PRIME B660M-A D4)
Komputronik Infinity X511 [L4],5890.0,"i5-11400F (2.6 GHz, 4.4 GHz Turbo, 12MB Cache, 65W)",Geforce RTX 3050,Intel H510  (ASUS PRIME H510M-E)
Komputronik Infinity R550 [R8],6990.0,"5 5600 (3.5GHz, 4.4GHz Turbo, 32MB Cache, 65W)",Geforce RTX 3060,AMD B550  (Gigabyte B550 GAMING X V2)
Komputronik Infinity X511 [F7],4449.0,"i5-11400F (2.6 GHz, 4.4 GHz Turbo, 12MB Cache, 65W)",GeForce GTX 1650,Intel H510  (Asus H510M-D)
Komputronik Infinity R550 [K4],6790.0,"5 5600 (3.5GHz, 4.4GHz Turbo, 32MB Cache, 65W)",Geforce RTX 3060,AMD B550  (Gigabyte B550 GAMING X V2)
Komputronik Infinity R550 [R4],6490.0,"5 5600 (3.5GHz, 4.4GHz Turbo, 32MB Cache, 65W)",Geforce RTX 3060,AMD B550  (Gigabyte B550 GAMING X V2)
Komputronik Infinity R550 [K5],6390.0,"5 5600 (3.5GHz, 4.4GHz Turbo, 32MB Cache, 65W)",Geforce RTX 3060,AMD B550  (Gigabyte B550 GAMING X V2)
Komputronik Infinity X711 [D8],9990.0,"i7-11700K (3.8 GHz, 5.1 GHz Turbo, 16MB Cache, 125W)",Geforce RTX 3060,Intel Z590
Komputronik Infinity R550 [K6],6990.0,"5 5600 (3.5GHz, 4.4GHz Turbo, 32MB Cache, 65W)",Geforce RTX 3060,AMD B550  (Gigabyte B550 GAMING X V2)
Komputronik Infinity X711 [D6],9190.0,"i7-11700K (3.8 GHz, 5.1 GHz Turbo, 16MB Cache, 125W)",Geforce RTX 3060,Intel Z590
Komputronik Powered by ASUS [E3],3999.0,"i5-10400F (2.9 GHz, 4.3 GHz Turbo, 12 MB Cache, 65W)",GeForce GTX 1650  (ASUS GeForce GTX 1650),Intel H410  (Asus PRIME H410M-K R2.0)
Komputronik Infinity R550 [N5],7190.0,"5 5600X (3.7GHz, 4.6GHz Turbo, 32MB Cache, 65W)",GeForce RTX 3060 Ti,AMD B550  (ASUS PRIME B550-PLUS)
Komputronik Infinity R550 [M3],6890.0,"5 5600X (3.7GHz, 4.6GHz Turbo, 32MB Cache, 65W)",Geforce RTX 3060,AMD B550  (Gigabyte B550 AORUS ELITE V2)
Komputronik Infinity R550 [R7],6390.0,"5 5600 (3.5GHz, 4.4GHz Turbo, 32MB Cache, 65W)",Geforce RTX 3060,AMD B550  (Gigabyte B550 GAMING X V2)
Komputronik Infinity R550 [R2],6190.0,"5 5600 (3.5GHz, 4.4GHz Turbo, 32MB Cache, 65W)",Geforce RTX 3060,AMD B550  (Gigabyte B550 GAMING X V2)
Komputronik Infinity R550 [P4],5790.0,"5 5500 (3.6 GHz, 4.2 GHz Turbo, 16MB Cache, 65W)",Geforce RTX 3050,AMD B550
Komputronik Infinity R550 [K7],6690.0,"5 5600 (3.5GHz, 4.4GHz Turbo, 32MB Cache, 65W)",Geforce RTX 3060,AMD B550  (Gigabyte B550 GAMING X V2)
Komputronik Powered by ASUS [E4],4599.0,"i5-10400F (2.9 GHz, 4.3 GHz Turbo, 12 MB Cache, 65W)",GeForce GTX 1650  (ASUS GeForce GTX 1650),Intel H410  (Asus PRIME H410M-K R2.0)
Komputronik Infinity R550 [N1],6690.0,"5 5600X (3.7GHz, 4.6GHz Turbo, 32MB Cache, 65W)",GeForce RTX 3060 Ti,AMD B550  (ASUS PRIME B550-PLUS)
Komputronik Infinity R550 [R6],6690.0,"5 5600 (3.5GHz, 4.4GHz Turbo, 32MB Cache, 65W)",Geforce RTX 3060,AMD B550  (Gigabyte B550 GAMING X V2)
Komputronik Infinity R550 [M7],7090.0,"5 5600X (3.7GHz, 4.6GHz Turbo, 32MB Cache, 65W)",Geforce RTX 3060,AMD B550  (Gigabyte B550 AORUS ELITE V2)
Komputronik Infinity X512 [M4],9590.0,"i5-12600KF (3.7 GHz, 4.9 GHz Turbo, 20MB Cache, 125W)",GeForce RTX 3060 Ti,Intel Z690  (ASUS PRIME Z690-P D4)
Komputronik Infinity R550 [P7],5590.0,"5 5500 (3.6 GHz, 4.2 GHz Turbo, 16MB Cache, 65W)",Geforce RTX 3050,AMD B550
Komputronik Infinity X712 [B4],8790.0,"i7-12700F (2.1 GHz, 4.9 GHz Turbo, 25MB Cache, 65W)",GeForce RTX 3060 Ti,Intel B660  (ASUS PRIME B660M-A D4)
Komputronik Infinity X300 [C4],4349.0,"i3-10100F (3.60 GHz, 4.30 GHz Turbo, 6 MB Cache, 65W)",GeForce GTX 1650,Intel H470  (ASUS PRIME H410M-K R2.0)
Komputronik Infinity R550 [P6],5890.0,"5 5500 (3.6 GHz, 4.2 GHz Turbo, 16MB Cache, 65W)",Geforce RTX 3050,AMD B550
Komputronik Infinity X712 [B7],8490.0,"i7-12700F (2.1 GHz, 4.9 GHz Turbo, 25MB Cache, 65W)",GeForce RTX 3060 Ti,Intel B660  (ASUS PRIME B660M-A D4)
Komputronik Infinity X711 [D7],8790.0,"i7-11700K (3.8 GHz, 5.1 GHz Turbo, 16MB Cache, 125W)",Geforce RTX 3060,Intel Z590
Komputronik Infinity X312 [B3],4349.0,"i3-12100F (3.3 GHz, 4.3 GHz Turbo, 12MB Cache 58W)",GeForce GTX 1650,Intel H610  (Asus H610M-A D4)
Komputronik Ultimate X712 [B2],8990.0,"i7-12700F (2.1 GHz, 4.9 GHz Turbo, 25MB Cache, 65W)",GeForce RTX 3060 Ti,Intel B660  (ASUS PRIME B660M-A D4)
Komputronik Infinity X712 [C8],9090.0,"i7-12700F (2.1 GHz, 4.9 GHz Turbo, 25MB Cache, 65W)",GeForce RTX 3060 Ti,Intel B660  (ASUS PRIME B660M-A D4)
Komputronik Infinity X512 [M8],9590.0,"i5-12600KF (3.7 GHz, 4.9 GHz Turbo, 20MB Cache, 125W)",GeForce RTX 3060 Ti,Intel Z690  (ASUS PRIME Z690-P D4)
Komputronik Infinity X712 [E4],7890.0,"i7-12700F (2.1 GHz, 4.9 GHz Turbo, 25MB Cache, 65W)",Geforce RTX 3060,Intel B660  (ASUS PRIME B660M-A D4)
Komputronik Infinity R550 [K1],5890.0,"5 5600 (3.5GHz, 4.4GHz Turbo, 32MB Cache, 65W)",Geforce RTX 3060,AMD B550  (Gigabyte B550 GAMING X V2)
Komputronik Infinity X300 [C3],3699.0,"i3-10100F (3.60 GHz, 4.30 GHz Turbo, 6 MB Cache, 65W)",GeForce GTX 1650,Intel H470  (ASUS PRIME H410M-K R2.0)
Komputronik Infinity R550 [N6],7790.0,"5 5600X (3.7GHz, 4.6GHz Turbo, 32MB Cache, 65W)",GeForce RTX 3060 Ti,AMD B550  (ASUS PRIME B550-PLUS)
Komputronik Ultimate X712 [B3],8590.0,"i7-12700F (2.1 GHz, 4.9 GHz Turbo, 25MB Cache, 65W)",GeForce RTX 3060 Ti,Intel B660  (ASUS PRIME B660M-A D4)
Komputronik Infinity R550 [K3],6190.0,"5 5600 (3.5GHz, 4.4GHz Turbo, 32MB Cache, 65W)",Geforce RTX 3060,AMD B550  (Gigabyte B550 GAMING X V2)
Komputronik Ultimate X712 [C1],9590.0,"i7-12700F (2.1 GHz, 4.9 GHz Turbo, 25MB Cache, 65W)",GeForce RTX 3070 Ti,Intel B660  (ASUS PRIME B660M-A D4)
Komputronik Infinity R550 [R3],5890.0,"5 5600 (3.5GHz, 4.4GHz Turbo, 32MB Cache, 65W)",Geforce RTX 3060,AMD B550  (Gigabyte B550 GAMING X V2)
Komputronik Infinity X512 [M7],8990.0,"i5-12600KF (3.7 GHz, 4.9 GHz Turbo, 20MB Cache, 125W)",GeForce RTX 3060 Ti,Intel Z690  (ASUS PRIME Z690-P D4)
Komputronik Infinity X712 [D8],8190.0,"i7-12700F (2.1 GHz, 4.9 GHz Turbo, 25MB Cache, 65W)",Geforce RTX 3060,Intel B660  (ASUS PRIME B660M-A D4)
Komputronik Infinity X712 [D3],7190.0,"i7-12700F (2.1 GHz, 4.9 GHz Turbo, 25MB Cache, 65W)",Geforce RTX 3060,Intel B660  (ASUS PRIME B660M-A D4)
Komputronik Infinity X312 [B4],4949.0,"i3-12100F (3.3 GHz, 4.3 GHz Turbo, 12MB Cache 58W)",GeForce GTX 1650,Intel H610  (Asus H610M-A D4)
Komputronik Infinity R550 [N7],7490.0,"5 5600X (3.7GHz, 4.6GHz Turbo, 32MB Cache, 65W)",GeForce RTX 3060 Ti,AMD B550  (ASUS PRIME B550-PLUS)
Komputronik Infinity R550 [N4],7690.0,"5 5600X (3.7GHz, 4.6GHz Turbo, 32MB Cache, 65W)",GeForce RTX 3060 Ti,AMD B550  (ASUS PRIME B550-PLUS)
Komputronik Infinity R550 [N8],8090.0,"5 5600X (3.7GHz, 4.6GHz Turbo, 32MB Cache, 65W)",GeForce RTX 3060 Ti,AMD B550  (ASUS PRIME B550-PLUS)
Komputronik Infinity X712 [D7],7590.0,"i7-12700F (2.1 GHz, 4.9 GHz Turbo, 25MB Cache, 65W)",Geforce RTX 3060,Intel B660  (ASUS PRIME B660M-A D4)
Komputronik Infinity X512 [L8],8990.0,"i5-12600KF (3.7 GHz, 4.9 GHz Turbo, 20MB Cache, 125W)",Geforce RTX 3060,Intel Z690  (ASUS PRIME Z690-P D4)
Komputronik Infinity X512 [L4],8590.0,"i5-12600KF (3.7 GHz, 4.9 GHz Turbo, 20MB Cache, 125W)",Geforce RTX 3060,Intel Z690  (ASUS PRIME Z690-P D4)
Komputronik Infinity X711 [D3],8990.0,"i7-11700K (3.8 GHz, 5.1 GHz Turbo, 16MB Cache, 125W)",Geforce RTX 3060,Intel Z590
Komputronik Ultimate X712 [C3],9790.0,"i7-12700F (2.1 GHz, 4.9 GHz Turbo, 25MB Cache, 65W)",GeForce RTX 3070 Ti,Intel B660  (ASUS PRIME B660M-A D4)
Komputronik Infinity X712 [E7],7890.0,"i7-12700F (2.1 GHz, 4.9 GHz Turbo, 25MB Cache, 65W)",Geforce RTX 3060,Intel B660  (ASUS PRIME B660M-A D4)
Komputronik Infinity X712 [E3],7290.0,"i7-12700F (2.1 GHz, 4.9 GHz Turbo, 25MB Cache, 65W)",Geforce RTX 3060,Intel B660  (ASUS PRIME B660M-A D4)
Komputronik Infinity X510 [K7],6090.0,"i5-10400F (2.9 GHz, 4.3 GHz Turbo, 12 MB Cache, 65W)",Geforce RTX 3060,Intel B560  (Gigabyte B560M Aorus Elite)
Komputronik Infinity X512 [K5],7290.0,"i5-12400F (2.5GHz, 4.4GHz Turbo, 18MB Cache, 65W)",GeForce RTX 3060 Ti,Intel B660  (ASUS PRIME B660M-A D4)
Komputronik Infinity X512 [L5],8090.0,"i5-12600KF (3.7 GHz, 4.9 GHz Turbo, 20MB Cache, 125W)",Geforce RTX 3060,Intel Z690  (ASUS PRIME Z690-P D4)
Komputronik Infinity X512 [K8],7790.0,"i5-12400F (2.5GHz, 4.4GHz Turbo, 18MB Cache, 65W)",GeForce RTX 3060 Ti,Intel B660  (ASUS PRIME B660M-A D4)
Komputronik Infinity X711 [D4],9490.0,"i7-11700K (3.8 GHz, 5.1 GHz Turbo, 16MB Cache, 125W)",Geforce RTX 3060,Intel Z590
Komputronik Ultimate X712 [B1],7890.0,"i7-12700F (2.1 GHz, 4.9 GHz Turbo, 25MB Cache, 65W)",GeForce RTX 3060 Ti,Intel B660  (ASUS PRIME B660M-A D4)
Komputronik Infinity X512 [F6],6790.0,"i5-12400F (2.5GHz, 4.4GHz Turbo, 18MB Cache, 65W)",Geforce RTX 3050,Intel H610  (Asus H610M-A D4)
Komputronik Infinity X512 [F5],6290.0,"i5-12400F (2.5GHz, 4.4GHz Turbo, 18MB Cache, 65W)",Geforce RTX 3050,Intel H610  (Asus H610M-A D4)
Komputronik Infinity X512 [L3],7990.0,"i5-12600KF (3.7 GHz, 4.9 GHz Turbo, 20MB Cache, 125W)",Geforce RTX 3060,Intel Z690  (ASUS PRIME Z690-P D4)
Komputronik Infinity X512 [L1],7690.0,"i5-12600KF (3.7 GHz, 4.9 GHz Turbo, 20MB Cache, 125W)",Geforce RTX 3060,Intel Z690  (ASUS PRIME Z690-P D4)
Komputronik Infinity X712 [D4],7890.0,"i7-12700F (2.1 GHz, 4.9 GHz Turbo, 25MB Cache, 65W)",Geforce RTX 3060,Intel B660  (ASUS PRIME B660M-A D4)
Komputronik Infinity R550 [N3],7090.0,"5 5600X (3.7GHz, 4.6GHz Turbo, 32MB Cache, 65W)",GeForce RTX 3060 Ti,AMD B550  (ASUS PRIME B550-PLUS)
Komputronik Infinity X312 [A4],4999.0,"i3-12100F (3.3 GHz, 4.3 GHz Turbo, 12MB Cache 58W)",GeForce GTX 1650,Intel H610  (ASUS PRIME H610M-E D4)
Komputronik Infinity X512 [M5],8890.0,"i5-12600KF (3.7 GHz, 4.9 GHz Turbo, 20MB Cache, 125W)",GeForce RTX 3060 Ti,Intel Z690  (ASUS PRIME Z690-P D4)
Komputronik Infinity X712 [C4],9090.0,"i7-12700F (2.1 GHz, 4.9 GHz Turbo, 25MB Cache, 65W)",GeForce RTX 3060 Ti,Intel B660  (ASUS PRIME B660M-A D4)
Komputronik Infinity X512 [B5],6190.0,"i5-12400F (2.5GHz, 4.4GHz Turbo, 18MB Cache, 65W)",Geforce RTX 3050,Intel H610  (ASUS PRIME H610M-E D4)
Komputronik Infinity X712 [C3],8390.0,"i7-12700F (2.1 GHz, 4.9 GHz Turbo, 25MB Cache, 65W)",GeForce RTX 3060 Ti,Intel B660  (ASUS PRIME B660M-A D4)
Komputronik Infinity X512 [L7],8490.0,"i5-12600KF (3.7 GHz, 4.9 GHz Turbo, 20MB Cache, 125W)",Geforce RTX 3060,Intel Z690  (ASUS PRIME Z690-P D4)
Komputronik Infinity X512 [M3],8890.0,"i5-12600KF (3.7 GHz, 4.9 GHz Turbo, 20MB Cache, 125W)",GeForce RTX 3060 Ti,Intel Z690  (ASUS PRIME Z690-P D4)
Komputronik Infinity X312 [D4],6490.0,"i3-12100F (3.3 GHz, 4.3 GHz Turbo, 12MB Cache 58W)",Geforce RTX 3060,Intel H610  (Asus H610M-A D4)
Komputronik Infinity X712 [C7],8390.0,"i7-12700F (2.1 GHz, 4.9 GHz Turbo, 25MB Cache, 65W)",GeForce RTX 3060 Ti,Intel B660  (ASUS PRIME B660M-A D4)
Komputronik Infinity X512 [B6],6590.0,"i5-12400F (2.5GHz, 4.4GHz Turbo, 18MB Cache, 65W)",Geforce RTX 3050,Intel H610  (ASUS PRIME H610M-E D4)
Komputronik Infinity X512 [K4],7790.0,"i5-12400F (2.5GHz, 4.4GHz Turbo, 18MB Cache, 65W)",GeForce RTX 3060 Ti,Intel B660  (ASUS PRIME B660M-A D4)
Komputronik Infinity X512 [K7],7590.0,"i5-12400F (2.5GHz, 4.4GHz Turbo, 18MB Cache, 65W)",GeForce RTX 3060 Ti,Intel B660  (ASUS PRIME B660M-A D4)
Lenovo Legion T5-26IOB6 (90RT00C4PL),4999.0,"i5-11400F (2.6 GHz, 4.4 GHz Turbo, 12MB Cache, 65W)",Geforce RTX 3060,Intel B560
MSI MAG Codex 5 11TC-460EU - 512GB M.2 PCIe + 1TB HDD,5690.0,"i5-11400F (2.6 GHz, 4.4 GHz Turbo, 12MB Cache, 65W)",Geforce RTX 3060,
Komputronik IEM X712 [A4],13290.0,"i7-12700KF (3.6 GHz, 5.0 GHz Turbo, 25MB Cache 125W)",GeForce RTX 3070 Ti,Intel Z690  (ASUS TUF GAMING Z690-PLUS WIFI D4)
Komputronik Ultimate X711 [L2],9990.0,"i7-11700KF (3.6 GHz, 5.0 GHz Turbo, 16MB Cache, 125W)",GeForce RTX 3070 Ti,Intel Z590  (Gigabyte Z590 Gaming X)
Komputronik Ultimate X711 [D1],7990.0,"i7-11700K (3.8 GHz, 5.1 GHz Turbo, 16MB Cache, 125W)",GeForce RTX 3070  (Gigabyte GeForce RTX 3070 Gaming 8GB),Intel Z590  (Gigabyte Z590 GAMING X)
Komputronik Ultimate X700 [E1],8990.0,"i7-10700KF (3.80 GHz, 5.10 GHz Turbo, 16 MB Cache, 125W)",GeForce RTX 3070 Ti,Intel Z590  (Asus TUF Gaming Z590-PLUS WiFi)
Komputronik Infinity X512 [D4] [oferta Outlet],4941.0,"i5-12400F (2.5GHz, 4.4GHz Turbo, 18MB Cache, 65W)",GeForce GTX 1650,Intel H610  (Asus H610M-A D4)
MSI MAG Infinite S3 11SH-004EU [oferta Outlet],4392.0,"i5-11400F (2.6 GHz, 4.4 GHz Turbo, 12MB Cache, 65W)",GeForce GTX 1660,Intel H510
Komputronik Infinity X510 [K2] [oferta Outlet],,"i5-10400F (2.9 GHz, 4.3 GHz Turbo, 12 MB Cache, 65W)",Geforce RTX 3060,Intel B560  (Gigabyte B560M Aorus Elite)
Komputronik Infinity X312 [A2] [oferta Outlet],,"i3-12100F (3.3 GHz, 4.3 GHz Turbo, 12MB Cache 58W)",GeForce GTX 1650,Intel H610  (ASUS PRIME H610M-E D4)
Komputronik Infinity R550 [F2] [oferta Outlet],6072.0,"5 5600X (3.7GHz, 4.6GHz Turbo, 32MB Cache, 65W)",Geforce RTX 3060  (Gigabyte GeForce RTX 3060 Gaming 12GB),AMD B550  (Gigabyte B550 Aorus Elite V2)
Komputronik Infinity X510 [D4] [oferta Outlet],5121.0,"i5-10400F (2.9 GHz, 4.3 GHz Turbo, 12 MB Cache, 65W)",GeForce GTX 1660 Ti,Intel H510  (Asus H510M-D)
Acer Predator Orion 3000 (DG.E2WEP.008),9490.0,"i7-12700F (2.1 GHz, 4.9 GHz Turbo, 25MB Cache, 65W)",GeForce RTX 3070,Intel B660
Acer Nitro 50-640 (DG.E2VEP.00C),6790.0,"i5-12400F (2.5GHz, 4.4GHz Turbo, 18MB Cache, 65W)",GeForce RTX 3060 Ti,Intel B660
Acer Nitro 50-640 (DG.E2VEP.00D),6290.0,"i5-12400F (2.5GHz, 4.4GHz Turbo, 18MB Cache, 65W)",Geforce RTX 3060,Intel B660
Acer Nitro 50-640 (DG.E2VEP.007),5590.0,"i5-12400F (2.5GHz, 4.4GHz Turbo, 18MB Cache, 65W)",Geforce RTX 3060,Intel B660
Acer Nitro 50-640 (DG.E2VEP.009),8590.0,"i7-12700F (2.1 GHz, 4.9 GHz Turbo, 25MB Cache, 65W)",GeForce RTX 3060 Ti,Intel B660
Acer Nitro 50-640 (DG.E2VEP.008),5990.0,"i5-12400F (2.5GHz, 4.4GHz Turbo, 18MB Cache, 65W)",GeForce RTX 3060 Ti,Intel B660
Acer Nitro 50-640 (DG.E2VEP.002),4549.0,"i5-12400F (2.5GHz, 4.4GHz Turbo, 18MB Cache, 65W)",GeForce GTX 1650,Intel B660
MSI MAG Infinite S 10TC-090EU - 512GB M.2 PCIe | 32GB,5190.0,"i5-10400F (2.9 GHz, 4.3 GHz Turbo, 12 MB Cache, 65W)",Geforce RTX 3060,Intel H410
ASUS ROG Strix G15DK-R5800X2200 - 512GB M.2 PCIe | 24GB | Windows 11 Home,6690.0,"7 5800X (3.8GHz, 4.7GHz Turbo, 32MB Cache, 105W)",Geforce RTX 3060,AMD B550
ASUS ROG Strix G15DK-R5800X2200 - 512GB M.2 PCIe | Windows 11 Home,6590.0,"7 5800X (3.8GHz, 4.7GHz Turbo, 32MB Cache, 105W)",Geforce RTX 3060,AMD B550
MSI MAG Infinite S 10TC-090EU - 1TB M.2 PCIe,5190.0,"i5-10400F (2.9 GHz, 4.3 GHz Turbo, 12 MB Cache, 65W)",Geforce RTX 3060,Intel H410
Lenovo IdeaCentre Gaming 5-14IOB6 (90RE0087PB) - 512GB M.2 PCIe | 32GB,4990.0,"i5-10400F (2.9 GHz, 4.3 GHz Turbo, 12 MB Cache, 65W)",Geforce RTX 3060,Intel B560
MSI MAG Codex 5 11TC-460EU - 512GB M.2 PCIe | 32GB,5890.0,"i5-11400F (2.6 GHz, 4.4 GHz Turbo, 12MB Cache, 65W)",Geforce RTX 3060,
Komputronik Infinity HC712 [A03],14890.0,"i7-12700K (3.6 GHz, 5.0 GHz Turbo, 25MB Cache 125W)",GeForce RTX 3070 Ti,Intel Z690  (ASUS TUF Gaming Z690-Plus Wifi D4)
ASUS ROG Strix G15DK-R5800X2200 - 512GB M.2 PCIe | 32GB | Windows 11 Home,6890.0,"7 5800X (3.8GHz, 4.7GHz Turbo, 32MB Cache, 105W)",Geforce RTX 3060,AMD B550
MSI MAG Infinite S 10TC-090EU - 512GB M.2 PCIe + 1TB HDD,5090.0,"i5-10400F (2.9 GHz, 4.3 GHz Turbo, 12 MB Cache, 65W)",Geforce RTX 3060,Intel H410
ASUS ROG Strix G15DK-R5800X2200 - 1TB M.2 PCIe | 24GB | Windows 11 Home,6990.0,"7 5800X (3.8GHz, 4.7GHz Turbo, 32MB Cache, 105W)",Geforce RTX 3060,AMD B550
MSI MAG Codex 5 11TC-460EU - 1TB M.2 PCIe | 32GB,6290.0,"i5-11400F (2.6 GHz, 4.4 GHz Turbo, 12MB Cache, 65W)",Geforce RTX 3060,
MSI MAG Codex 5 11TC-460EU - 1TB M.2 PCIe,5790.0,"i5-11400F (2.6 GHz, 4.4 GHz Turbo, 12MB Cache, 65W)",Geforce RTX 3060,
Komputronik IEM X912 [B2],23290.0,"i9-12900KF (3.2 GHz, 5.2 GHz Turbo, 30MB Cache 125W)",GeForce RTX 3090  (ASUS GEFORCE RTX 3090 STRIX GAMING 24GB OC),Intel Z690  (ASUS ROG MAXIMUS Z690 HERO)
Lenovo IdeaCentre Gaming 5-14IOB6 (90RE0087PB),4999.0,"i5-10400F (2.9 GHz, 4.3 GHz Turbo, 12 MB Cache, 65W)",Geforce RTX 3060,Intel B560
Komputronik Infinity HC712 [A02],13990.0,"i7-12700K (3.6 GHz, 5.0 GHz Turbo, 25MB Cache 125W)",GeForce RTX 3070 Ti,Intel Z690  (ASUS TUF Gaming Z690-Plus Wifi D4)
MSI MAG Codex 5 11TC-460EU - 1TB M.2 PCIe + 1TB HDD,5990.0,"i5-11400F (2.6 GHz, 4.4 GHz Turbo, 12MB Cache, 65W)",Geforce RTX 3060,
Komputronik IEM X912 [B4],23790.0,"i9-12900KF (3.2 GHz, 5.2 GHz Turbo, 30MB Cache 125W)",GeForce RTX 3090  (ASUS GEFORCE RTX 3090 STRIX GAMING 24GB OC),Intel Z690  (ASUS ROG MAXIMUS Z690 HERO)
Komputronik Infinity HC712 [A04],15490.0,"i7-12700K (3.6 GHz, 5.0 GHz Turbo, 25MB Cache 125W)",GeForce RTX 3070 Ti,Intel Z690  (ASUS TUF Gaming Z690-Plus Wifi D4)
Komputronik Ultimate X711 [L1],8990.0,"i7-11700KF (3.6 GHz, 5.0 GHz Turbo, 16MB Cache, 125W)",GeForce RTX 3070 Ti,Intel Z590  (Gigabyte Z590 Gaming X)
Komputronik IEM X712 [A1],12190.0,"i7-12700KF (3.6 GHz, 5.0 GHz Turbo, 25MB Cache 125W)",GeForce RTX 3070 Ti,Intel Z690  (ASUS TUF GAMING Z690-PLUS WIFI D4)
ASUS ROG Strix G15DK-R5800X2200 - 512GB M.2 PCIe | 32GB,6290.0,"7 5800X (3.8GHz, 4.7GHz Turbo, 32MB Cache, 105W)",Geforce RTX 3060,AMD B550
Komputronik Ultimate X912 [A3],18690.0,"i9-12900K (3.2 GHz, 5.2 GHz Turbo, 30MB Cache 125W)",GeForce RTX 3090  (ASUS GeForce RTX 3090),Intel Z690  (Asus Z690-F Gaming WiFi)
MSI MAG Infinite S 10TC-090EU - 1TB M.2 PCIe + 1TB HDD,5390.0,"i5-10400F (2.9 GHz, 4.3 GHz Turbo, 12 MB Cache, 65W)",Geforce RTX 3060,Intel H410
Lenovo IdeaCentre Gaming 5-14IOB6 (90RE0084PB),4699.0,"i5-10400F (2.9 GHz, 4.3 GHz Turbo, 12 MB Cache, 65W)",GeForce GTX 1660 SUPER,Intel B560
Komputronik Ultimate X912 [A4],21990.0,"i9-12900K (3.2 GHz, 5.2 GHz Turbo, 30MB Cache 125W)",GeForce RTX 3090  (ASUS GeForce RTX 3090),Intel Z690  (Asus Z690-F Gaming WiFi)
Lenovo IdeaCentre Gaming 5-14ACN6 (90RW002YPB),5690.0,"7 5700G (3.8GHz, 4.6GHz Turbo, 16MB Cache, 65W)",Geforce RTX 3060,
Komputronik Ultimate X912 [A2],21990.0,"i9-12900K (3.2 GHz, 5.2 GHz Turbo, 30MB Cache 125W)",GeForce RTX 3090  (ASUS GeForce RTX 3090),Intel Z690  (Asus Z690-F Gaming WiFi)
ASUS ROG Strix G15DK-R5800X2200 - 1TB M.2 PCIe | 32GB,6490.0,"7 5800X (3.8GHz, 4.7GHz Turbo, 32MB Cache, 105W)",Geforce RTX 3060,AMD B550
ASUS ROG Strix G15DK-R5800X2200 - 512GB M.2 PCIe | 24GB,6190.0,"7 5800X (3.8GHz, 4.7GHz Turbo, 32MB Cache, 105W)",Geforce RTX 3060,AMD B550
Komputronik IEM X912 [B3],22990.0,"i9-12900KF (3.2 GHz, 5.2 GHz Turbo, 30MB Cache 125W)",GeForce RTX 3090  (ASUS GEFORCE RTX 3090 STRIX GAMING 24GB OC),Intel Z690  (ASUS ROG MAXIMUS Z690 HERO)
Komputronik IEM X912 [A3],19890.0,"i9-12900KF (3.2 GHz, 5.2 GHz Turbo, 30MB Cache 125W)",GeForce RTX 3090,Intel Z690  (ASUS ROG STRIX Z690-F GAMING WIFI)
Komputronik Ultimate X912 [A1],18190.0,"i9-12900K (3.2 GHz, 5.2 GHz Turbo, 30MB Cache 125W)",GeForce RTX 3090  (ASUS GeForce RTX 3090),Intel Z690  (Asus Z690-F Gaming WiFi)
Komputronik IEM X912 [A1],21690.0,"i9-12900KF (3.2 GHz, 5.2 GHz Turbo, 30MB Cache 125W)",GeForce RTX 3090,Intel Z690  (ASUS ROG STRIX Z690-F GAMING WIFI)
Komputronik IEM X912 [A4],23290.0,"i9-12900KF (3.2 GHz, 5.2 GHz Turbo, 30MB Cache 125W)",GeForce RTX 3090,Intel Z690  (ASUS ROG STRIX Z690-F GAMING WIFI)
MSI MAG Infinite S 10TC-090EU - 512GB M.2 PCIe + 1TB HDD | 32GB,5390.0,"i5-10400F (2.9 GHz, 4.3 GHz Turbo, 12 MB Cache, 65W)",Geforce RTX 3060,Intel H410
Komputronik IEM X912 [B1],22590.0,"i9-12900KF (3.2 GHz, 5.2 GHz Turbo, 30MB Cache 125W)",GeForce RTX 3090  (ASUS GEFORCE RTX 3090 STRIX GAMING 24GB OC),Intel Z690  (ASUS ROG MAXIMUS Z690 HERO)
MSI MAG Infinite S 10TC-090EU - 1TB M.2 PCIe | 32GB,5390.0,"i5-10400F (2.9 GHz, 4.3 GHz Turbo, 12 MB Cache, 65W)",Geforce RTX 3060,Intel H410
Lenovo IdeaCentre Gaming 5-14IOB6 (90RE0086PB),4599.0,"i5-10400F (2.9 GHz, 4.3 GHz Turbo, 12 MB Cache, 65W)",Geforce RTX 3060,Intel B560
Lenovo Legion T5-26IOB6 (90RT00C4PL) - 512GB M.2 PCIe | Windows 11 Home,5490.0,"i5-11400F (2.6 GHz, 4.4 GHz Turbo, 12MB Cache, 65W)",Geforce RTX 3060,Intel B560
Komputronik IEM X512 [A3],9490.0,"i5-12600K (3.7 GHz, 4.9 GHz Turbo, 20MB Cache, 125W)",Geforce RTX 3060,Intel Z690  (ASUS TUF GAMING Z690-PLUS WIFI D4)
Lenovo IdeaCentre Gaming 5-14IOB6 (90RE0087PB) - 512GB M.2 PCIe + 1TB HDD,5390.0,"i5-10400F (2.9 GHz, 4.3 GHz Turbo, 12 MB Cache, 65W)",Geforce RTX 3060,Intel B560
ASUS ROG Strix G15DH-PL061T - 512GB M.2 PCIe + 1TB HDD | 32GB,5990.0,"7 3700X (3.6 GHz, 4.4 GHz Turbo, 32 MB Cache, 65W)",GeForce GTX 1660 SUPER,AMD B450
ASUS ROG Strix G15DH-PL061T - 512GB M.2 PCIe + 1TB HDD,5490.0,"7 3700X (3.6 GHz, 4.4 GHz Turbo, 32 MB Cache, 65W)",GeForce GTX 1660 SUPER,AMD B450
Lenovo Legion T5-26IOB6 (90RT00C4PL) - 512GB M.2 PCIe + 500GB M.2 PCIe,4790.0,"i5-11400F (2.6 GHz, 4.4 GHz Turbo, 12MB Cache, 65W)",Geforce RTX 3060,Intel B560
ASUS ROG Strix G15DH-PL061T - 512GB M.2 PCIe | 32GB,5790.0,"7 3700X (3.6 GHz, 4.4 GHz Turbo, 32 MB Cache, 65W)",GeForce GTX 1660 SUPER,AMD B450
Lenovo IdeaCentre Gaming 5-14IOB6 (90RE0085PB),4199.0,"i5-10400F (2.9 GHz, 4.3 GHz Turbo, 12 MB Cache, 65W)",GeForce GTX 1660 SUPER,Intel B560
Komputronik IEM X512 [A2],9390.0,"i5-12600K (3.7 GHz, 4.9 GHz Turbo, 20MB Cache, 125W)",Geforce RTX 3060,Intel Z690  (ASUS TUF GAMING Z690-PLUS WIFI D4)
Komputronik IEM X512 [A4],10090.0,"i5-12600K (3.7 GHz, 4.9 GHz Turbo, 20MB Cache, 125W)",Geforce RTX 3060,Intel Z690  (ASUS TUF GAMING Z690-PLUS WIFI D4)
ASUS ROG Strix GL10CS-PL145AT - 128GB M.2 PCIe + 1TB HDD | 32GB,3899.0,"i5-9400F (2.9 GHz, 4.1 GHz Turbo, 9 MB Cache, 65W)",GeForce GTX 1650,Intel B360
Komputronik IEM X512 [A1],9190.0,"i5-12600K (3.7 GHz, 4.9 GHz Turbo, 20MB Cache, 125W)",Geforce RTX 3060,Intel Z690  (ASUS TUF GAMING Z690-PLUS WIFI D4)
Komputronik Infinity HC912 [B02],22790.0,"i9-12900KF (3.2 GHz, 5.2 GHz Turbo, 30MB Cache 125W)",GeForce RTX 3090,Intel Z690
MSI MAG Codex 5 11TC-460EU - 512GB M.2 PCIe + 1TB HDD | 32GB,6090.0,"i5-11400F (2.6 GHz, 4.4 GHz Turbo, 12MB Cache, 65W)",Geforce RTX 3060,
ASUS ROG Strix G15DK-R5800X082T - 512GB M.2 PCIe | 32GB,7590.0,"7 5800X (3.8GHz, 4.7GHz Turbo, 32MB Cache, 105W)",GeForce RTX 3070,AMD B550
MSI MAG Codex 5 11TC-460EU - 1TB M.2 PCIe + 1TB HDD | 32GB,6490.0,"i5-11400F (2.6 GHz, 4.4 GHz Turbo, 12MB Cache, 65W)",Geforce RTX 3060,
ASUS ROG Strix G15DK-R5800X2200 - 1TB M.2 PCIe | 24GB,6390.0,"7 5800X (3.8GHz, 4.7GHz Turbo, 32MB Cache, 105W)",Geforce RTX 3060,AMD B550
Komputronik IEM X712 [A3],12590.0,"i7-12700KF (3.6 GHz, 5.0 GHz Turbo, 25MB Cache 125W)",GeForce RTX 3070 Ti,Intel Z690  (ASUS TUF GAMING Z690-PLUS WIFI D4)
ASUS ROG Strix G15DK-R5800X082T - 1TB M.2 PCIe,7590.0,"7 5800X (3.8GHz, 4.7GHz Turbo, 32MB Cache, 105W)",GeForce RTX 3070,AMD B550
Komputronik Infinity X512 [N4],8090.0,"i5-12400F (2.5GHz, 4.4GHz Turbo, 18MB Cache, 65W)",Geforce RTX 3060,Intel B660  (ROG STRIX B660-I GAMING WIFI)
Komputronik Infinity X512 [N3],7390.0,"i5-12400F (2.5GHz, 4.4GHz Turbo, 18MB Cache, 65W)",Geforce RTX 3060,Intel B660  (ROG STRIX B660-I GAMING WIFI)
Komputronik Infinity X512 [N2],6990.0,"i5-12400F (2.5GHz, 4.4GHz Turbo, 18MB Cache, 65W)",Geforce RTX 3060,Intel B660  (ROG STRIX B660-I GAMING WIFI)
Komputronik Infinity X512 [N1],7090.0,"i5-12400F (2.5GHz, 4.4GHz Turbo, 18MB Cache, 65W)",Geforce RTX 3060,Intel B660  (ROG STRIX B660-I GAMING WIFI)
Komputronik Infinity HC912 [A04],18190.0,"i9-12900 (2.4 GHz, 5.1 GHz Turbo, 30MB Cache 202W)",GeForce RTX 3080 Ti  (Asus TUF),Intel Z690  (ASUS TUF Gaming-Plus WiFi)
Komputronik Infinity HC912 [B01],20190.0,"i9-12900KF (3.2 GHz, 5.2 GHz Turbo, 30MB Cache 125W)",GeForce RTX 3090,Intel Z690
ASUS ROG Strix GL10CS-PL145AT - 1TB M.2 PCIe + 1TB HDD | 32GB,4299.0,"i5-9400F (2.9 GHz, 4.1 GHz Turbo, 9 MB Cache, 65W)",GeForce GTX 1650,Intel B360
ASUS ROG Strix GL10CS-PL145AT - 500GB M.2 PCIe + 1TB HDD | 32GB,4099.0,"i5-9400F (2.9 GHz, 4.1 GHz Turbo, 9 MB Cache, 65W)",GeForce GTX 1650,Intel B360
ASUS ROG Strix GL10CS-PL159T - 512GB M.2 PCIe + 1TB HDD | 32GB,4049.0,"i5-9400F (2.9 GHz, 4.1 GHz Turbo, 9 MB Cache, 65W)",GeForce GTX 1650,Intel B360
ASUS ROG Huracan G21CN-D-PL003AT - 500GB M.2 PCie,4049.0,"i5-9400F (2.9 GHz, 4.1 GHz Turbo, 9 MB Cache, 65W)",GeForce GTX 1660 Ti,Intel H370
Lenovo IdeaCentre Gaming 5-14IOB6 (90RE0087PB) - 512GB M.2 PCIe + 2TB HDD,5590.0,"i5-10400F (2.9 GHz, 4.3 GHz Turbo, 12 MB Cache, 65W)",Geforce RTX 3060,Intel B560
ASUS ROG Strix GL10CS-PL145AT - 1TB M.2 PCIe + 1TB HDD | 16GB,4049.0,"i5-9400F (2.9 GHz, 4.1 GHz Turbo, 9 MB Cache, 65W)",GeForce GTX 1650,Intel B360
Lenovo Legion T5-26IOB6 (90RT00C4PL) - 512GB M.2 PCIe + 1TB HDD | Windows 11 Home,5690.0,"i5-11400F (2.6 GHz, 4.4 GHz Turbo, 12MB Cache, 65W)",Geforce RTX 3060,Intel B560
Lenovo IdeaCentre Gaming 5-14IOB6 (90RE0087PB) - 512GB M.2 PCIe + 2TB HDD | 32GB,5990.0,"i5-10400F (2.9 GHz, 4.3 GHz Turbo, 12 MB Cache, 65W)",Geforce RTX 3060,Intel B560
ASUS ROG Strix GL10CS-PL159T - 1TB SSD | 32GB,4149.0,"i5-9400F (2.9 GHz, 4.1 GHz Turbo, 9 MB Cache, 65W)",GeForce GTX 1650,Intel B360
ASUS ROG Strix GL10CS-PL145AT - 500GB M.2 PCIe + 1TB HDD,3699.0,"i5-9400F (2.9 GHz, 4.1 GHz Turbo, 9 MB Cache, 65W)",GeForce GTX 1650,Intel B360
Lenovo IdeaCentre Gaming 5-14IOB6 (90RE0087PB) - 512GB M.2 PCIe + 1TB HDD | 32GB,5790.0,"i5-10400F (2.9 GHz, 4.3 GHz Turbo, 12 MB Cache, 65W)",Geforce RTX 3060,Intel B560
ASUS ROG Huracan G21CN-D-PL003AT - 500GB M.2 PCie + 1TB HDD,4149.0,"i5-9400F (2.9 GHz, 4.1 GHz Turbo, 9 MB Cache, 65W)",GeForce GTX 1660 Ti,Intel H370
Lenovo Legion T5-26IOB6 (90RT00C4PL) - 512GB M.2 PCIe + 1TB HDD,5190.0,"i5-11400F (2.6 GHz, 4.4 GHz Turbo, 12MB Cache, 65W)",Geforce RTX 3060,Intel B560
Komputronik Infinity X512 [N7],7890.0,"i5-12400F (2.5GHz, 4.4GHz Turbo, 18MB Cache, 65W)",Geforce RTX 3060,Intel B660  (ROG STRIX B660-I GAMING WIFI)
Komputronik Infinity X512 [N6],8290.0,"i5-12400F (2.5GHz, 4.4GHz Turbo, 18MB Cache, 65W)",Geforce RTX 3060,Intel B660  (ROG STRIX B660-I GAMING WIFI)
Komputronik Infinity X510 [M1],3999.0,"i5-10400F (2.9 GHz, 4.3 GHz Turbo, 12 MB Cache, 65W)",GeForce GTX 1660 SUPER,Intel H410
Komputronik Infinity X511 [J2],5990.0,"i5-11400F (2.6 GHz, 4.4 GHz Turbo, 12MB Cache, 65W)",Geforce RTX 3060,Intel B560  (Asus B560M-A)
Komputronik Infinity X510 [N2],3999.0,"i5-10400F (2.9 GHz, 4.3 GHz Turbo, 12 MB Cache, 65W)",GeForce GTX 1650,Intel H470  (ASUS PRIME H410M-K R2.0)
Komputronik Infinity X510 [N1],3299.0,"i5-10400F (2.9 GHz, 4.3 GHz Turbo, 12 MB Cache, 65W)",GeForce GTX 1650,Intel H470  (ASUS PRIME H410M-K R2.0)
Komputronik Infinity X511 [F2],4399.0,"i5-11400F (2.6 GHz, 4.4 GHz Turbo, 12MB Cache, 65W)",GeForce GTX 1650,Intel H510  (Asus H510M-D)
Komputronik Ultimate X712 [B4],9190.0,"i7-12700F (2.1 GHz, 4.9 GHz Turbo, 25MB Cache, 65W)",GeForce RTX 3060 Ti,Intel B660  (ASUS PRIME B660M-A D4)
Komputronik Infinity X312 [A2],3999.0,"i3-12100F (3.3 GHz, 4.3 GHz Turbo, 12MB Cache 58W)",GeForce GTX 1650,Intel H610  (ASUS PRIME H610M-E D4)
Komputronik Infinity X312 [D2],5190.0,"i3-12100F (3.3 GHz, 4.3 GHz Turbo, 12MB Cache 58W)",Geforce RTX 3060,Intel H610  (Asus H610M-A D4)
Komputronik Infinity X300 [B2],3499.0,"i3-10100F (3.60 GHz, 4.30 GHz Turbo, 6 MB Cache, 65W)",GeForce GTX 1650,Intel H470  (ASUS PRIME H410M-K R2.0)
Komputronik Infinity X512 [D4],4990.0,"i5-12400F (2.5GHz, 4.4GHz Turbo, 18MB Cache, 65W)",GeForce GTX 1650,Intel H610  (Asus H610M-A D4)
Komputronik Infinity R550 [M2],6490.0,"5 5600X (3.7GHz, 4.6GHz Turbo, 32MB Cache, 65W)",Geforce RTX 3060,AMD B550  (Gigabyte B550 AORUS ELITE V2)
Komputronik Infinity X512 [B2],5490.0,"i5-12400F (2.5GHz, 4.4GHz Turbo, 18MB Cache, 65W)",Geforce RTX 3050,Intel H610  (ASUS PRIME H610M-E D4)
Komputronik Infinity X512 [E2],6490.0,"i5-12400F (2.5GHz, 4.4GHz Turbo, 18MB Cache, 65W)",Geforce RTX 3060,Intel B660  (ASUS PRIME B660M-A WIFI D4)
Komputronik Infinity X510 [M2],4999.0,"i5-10400F (2.9 GHz, 4.3 GHz Turbo, 12 MB Cache, 65W)",GeForce GTX 1660 SUPER,Intel H410
Komputronik Powered by ASUS [E1],3499.0,"i5-10400F (2.9 GHz, 4.3 GHz Turbo, 12 MB Cache, 65W)",GeForce GTX 1650  (ASUS GeForce GTX 1650),Intel H410  (ASUS PRIME H410M-K R2.0)
Komputronik Infinity X312 [C2],4890.0,"i3-12100F (3.3 GHz, 4.3 GHz Turbo, 12MB Cache 58W)",Geforce RTX 3050,Intel H610  (Asus H610M-A D4)
Komputronik Infinity X511 [N1],5290.0,"i5-11400F (2.6 GHz, 4.4 GHz Turbo, 12MB Cache, 65W)",Geforce RTX 3060,Intel B560  (Gigabyte B560M DS3H V2)
Komputronik Infinity X511 [M1],4499.0,"i5-11400F (2.6 GHz, 4.4 GHz Turbo, 12MB Cache, 65W)",Geforce RTX 3050,Intel B560  (Gigabyte B560M DS3H V2)
Komputronik Infinity X500 [AX4],4499.0,"i5-10400F (2.9 GHz, 4.3 GHz Turbo, 12 MB Cache, 65W)",GeForce GTX 1650,Intel H510  (Asus H510M-A)
Komputronik Infinity X512 [E7],7290.0,"i5-12400F (2.5GHz, 4.4GHz Turbo, 18MB Cache, 65W)",Geforce RTX 3060,Intel B660  (ASUS PRIME B660M-A WIFI D4)
Komputronik Infinity X512 [M2],8190.0,"i5-12600KF (3.7 GHz, 4.9 GHz Turbo, 20MB Cache, 125W)",GeForce RTX 3060 Ti,Intel Z690  (ASUS PRIME Z690-P D4)
Komputronik Infinity X510 [S3],4099.0,"i5-10400F (2.9 GHz, 4.3 GHz Turbo, 12 MB Cache, 65W)",GeForce GTX 1650,Intel H510  (ASUS PRIME H510M-E)
Komputronik Infinity X512 [J8],6990.0,"i5-12400F (2.5GHz, 4.4GHz Turbo, 18MB Cache, 65W)",Geforce RTX 3060,Intel B660  (Gigabyte B660M DS3H AX DDR4)
Komputronik Infinity X512 [K3],7190.0,"i5-12400F (2.5GHz, 4.4GHz Turbo, 18MB Cache, 65W)",GeForce RTX 3060 Ti,Intel B660  (ASUS PRIME B660M-A D4)
Komputronik Infinity X511 [K5],6190.0,"i5-11400F (2.6 GHz, 4.4 GHz Turbo, 12MB Cache, 65W)",Geforce RTX 3060,Intel B560  (MSI B560-A PRO)
Komputronik Infinity X511 [J5],6190.0,"i5-11400F (2.6 GHz, 4.4 GHz Turbo, 12MB Cache, 65W)",Geforce RTX 3060,Intel B560  (Asus B560M-A)
Komputronik Infinity X512 [M6],8490.0,"i5-12600KF (3.7 GHz, 4.9 GHz Turbo, 20MB Cache, 125W)",GeForce RTX 3060 Ti,Intel Z690  (ASUS PRIME Z690-P D4)
Komputronik Infinity X512 [F3],5790.0,"i5-12400F (2.5GHz, 4.4GHz Turbo, 18MB Cache, 65W)",Geforce RTX 3050,Intel H610  (Asus H610M-A D4)
Komputronik Infinity X511 [N4],6790.0,"i5-11400F (2.6 GHz, 4.4 GHz Turbo, 12MB Cache, 65W)",Geforce RTX 3060,Intel B560  (Gigabyte B560M DS3H V2)
Komputronik Infinity X511 [N6],6490.0,"i5-11400F (2.6 GHz, 4.4 GHz Turbo, 12MB Cache, 65W)",Geforce RTX 3060,Intel B560  (Gigabyte B560M DS3H V2)
Komputronik Infinity X511 [J4],6690.0,"i5-11400F (2.6 GHz, 4.4 GHz Turbo, 12MB Cache, 65W)",Geforce RTX 3060,Intel B560  (Asus B560M-A)
Komputronik Infinity X511 [J7],6490.0,"i5-11400F (2.6 GHz, 4.4 GHz Turbo, 12MB Cache, 65W)",Geforce RTX 3060,Intel B560  (Asus B560M-A)
Komputronik Ultimate R750 [D2],10990.0,"7 5800X (3.8GHz, 4.7GHz Turbo, 32MB Cache, 105W)",Radeon RX 6700 XT,AMD B550  (ASUS ROG STRIX B550-E GAMING)
Komputronik Infinity X510 [P3],4899.0,"i5-10400F (2.9 GHz, 4.3 GHz Turbo, 12 MB Cache, 65W)",Geforce RTX 3050,Intel H470  (ASUS PRIME H410M-K R2.0)
Lenovo Legion T5-26IOB6 (90RT00SLPL),7099.0,"i7-11700F (2.5 GHz, 4.9 GHz Turbo, 16MB Cache, 65W)",GeForce RTX 3060 Ti,Intel B560
Komputronik Infinity R550 [F2],6690.0,"5 5600X (3.7GHz, 4.6GHz Turbo, 32MB Cache, 65W)",Geforce RTX 3060  (Gigabyte GeForce RTX 3060 Gaming 12GB),AMD B550  (Gigabyte B550 Aorus Elite V2)
Komputronik Infinity X512 [D7],4299.0,"i5-12400F (2.5GHz, 4.4GHz Turbo, 18MB Cache, 65W)",GeForce GTX 1650,Intel H610  (Asus H610M-A D4)
Komputronik Infinity X511 [F1],3499.0,"i5-11400F (2.6 GHz, 4.4 GHz Turbo, 12MB Cache, 65W)",GeForce GTX 1650,Intel H510  (Asus H510M-D)
Komputronik Infinity X511 [F3],3499.0,"i5-11400F (2.6 GHz, 4.4 GHz Turbo, 12MB Cache, 65W)",GeForce GTX 1650,Intel H510  (Asus H510M-D)
Komputronik Infinity X711 [D2],8790.0,"i7-11700K (3.8 GHz, 5.1 GHz Turbo, 16MB Cache, 125W)",Geforce RTX 3060,Intel Z590
Lenovo Legion T5-26IOB6 (90RT00S9PL),5099.0,"i5-11400F (2.6 GHz, 4.4 GHz Turbo, 12MB Cache, 65W)",GeForce RTX 3060 Ti,Intel B560
Komputronik Infinity LC-900 [J02],28490.0,"i9-12900KS (3.4 GHz, 5.5 GHz Turbo, 30MB Cache, 150W)",GeForce RTX 3080 Ti,Intel Z690
Komputronik Infinity X511 [F4],4799.0,"i5-11400F (2.6 GHz, 4.4 GHz Turbo, 12MB Cache, 65W)",GeForce GTX 1650,Intel H510  (Asus H510M-D)
Lenovo Legion T5-26IOB6 (90RT00CDPL),5999.0,"i5-11400F (2.6 GHz, 4.4 GHz Turbo, 12MB Cache, 65W)",GeForce RTX 3060 Ti,Intel B560
Komputronik Ultimate X712 [C4],10990.0,"i7-12700F (2.1 GHz, 4.9 GHz Turbo, 25MB Cache, 65W)",GeForce RTX 3070 Ti,Intel B660  (ASUS PRIME B660M-A D4)
Komputronik Infinity X312 [B2],4199.0,"i3-12100F (3.3 GHz, 4.3 GHz Turbo, 12MB Cache 58W)",GeForce GTX 1650,Intel H610  (Asus H610M-A D4)
Komputronik Infinity X512 [D1],4299.0,"i5-12400F (2.5GHz, 4.4GHz Turbo, 18MB Cache, 65W)",GeForce GTX 1650,Intel H610  (Asus H610M-A D4)
Komputronik Infinity X712 [A2],9990.0,"i7-12700KF (3.6 GHz, 5.0 GHz Turbo, 25MB Cache 125W)",GeForce RTX 3060 Ti,Intel Z690  (Asus Z690-P WIFI D4)
Komputronik Infinity X512 [F2],5890.0,"i5-12400F (2.5GHz, 4.4GHz Turbo, 18MB Cache, 65W)",Geforce RTX 3050,Intel H610  (Asus H610M-A D4)
Komputronik Infinity X510 [T2],5490.0,"i5-10400F (2.9 GHz, 4.3 GHz Turbo, 12 MB Cache, 65W)",Geforce RTX 3060,Intel B560  (ASUS PRIME B560M-A)
ASUS ROG Strix G10DK-R5600X111W,5199.0,"5 5600X (3.7GHz, 4.6GHz Turbo, 32MB Cache, 65W)",Geforce RTX 3060,AMD B550
Acer Nitro 50 (DG.E2DEP.00P),4399.0,"i5-11400F (2.6 GHz, 4.4 GHz Turbo, 12MB Cache, 65W)",GeForce RTX 3060 Ti,Intel B560
Komputronik Infinity X510 [K1],5290.0,"i5-10400F (2.9 GHz, 4.3 GHz Turbo, 12 MB Cache, 65W)",Geforce RTX 3060,Intel B560  (Gigabyte B560M Aorus Elite)
Komputronik Infinity X511 [J1],5290.0,"i5-11400F (2.6 GHz, 4.4 GHz Turbo, 12MB Cache, 65W)",Geforce RTX 3060,Intel B560  (Asus B560M-A)
Komputronik Infinity X511 [N2],5790.0,"i5-11400F (2.6 GHz, 4.4 GHz Turbo, 12MB Cache, 65W)",Geforce RTX 3060,Intel B560  (Gigabyte B560M DS3H V2)
Komputronik Infinity X510 [K2],5690.0,"i5-10400F (2.9 GHz, 4.3 GHz Turbo, 12 MB Cache, 65W)",Geforce RTX 3060,Intel B560  (Gigabyte B560M Aorus Elite)
Komputronik IEM X912 [A2],20990.0,"i9-12900KF (3.2 GHz, 5.2 GHz Turbo, 30MB Cache 125W)",GeForce RTX 3090,Intel Z690  (ASUS ROG STRIX Z690-F GAMING WIFI)
Komputronik Infinity X300 [B1],3399.0,"i3-10100F (3.60 GHz, 4.30 GHz Turbo, 6 MB Cache, 65W)",GeForce GTX 1650,Intel H470  (ASUS PRIME H410M-K R2.0)
MSI Creator P50 11TC-004EU - biay,5299.0,"i5-11400 (2.6 GHz, 4.4 GHz Turbo, 12MB Cache, 65W)",Geforce RTX 3060,Intel B560
Komputronik Infinity X512 [F1],4990.0,"i5-12400F (2.5GHz, 4.4GHz Turbo, 18MB Cache, 65W)",Geforce RTX 3050,Intel H610  (Asus H610M-A D4)
Komputronik Infinity X312 [C4],5990.0,"i3-12100F (3.3 GHz, 4.3 GHz Turbo, 12MB Cache 58W)",Geforce RTX 3050,Intel H610  (Asus H610M-A D4)
Komputronik Infinity X511 [F5],4399.0,"i5-11400F (2.6 GHz, 4.4 GHz Turbo, 12MB Cache, 65W)",GeForce GTX 1650,Intel H510  (Asus H510M-D)
Komputronik Infinity X510 [N4],4599.0,"i5-10400F (2.9 GHz, 4.3 GHz Turbo, 12 MB Cache, 65W)",GeForce GTX 1650,Intel H470  (ASUS PRIME H410M-K R2.0)
Komputronik Infinity X510 [F2],4990.0,"i5-10400F (2.9 GHz, 4.3 GHz Turbo, 12 MB Cache, 65W)",GeForce RTX 2060,Intel B560  (Gigabyte B560M DS3H)
Lenovo Legion T5-26IOB6 (90RT00SJPL),5999.0,"i5-11400F (2.6 GHz, 4.4 GHz Turbo, 12MB Cache, 65W)",GeForce RTX 3060 Ti,Intel B560
Komputronik Infinity X711 [B1],7990.0,"i7-11700KF (3.6 GHz, 5.0 GHz Turbo, 16MB Cache, 125W)",GeForce RTX 3060 Ti,Intel Z590  (Gigabyte Z590 Gaming X)
ASUS ROG Strix G15DK-R5800X2190,6599.0,"7 5800X (3.8GHz, 4.7GHz Turbo, 32MB Cache, 105W)",GeForce RTX 3070,AMD B550
ASUS ROG Strix G15DK-R5800X340W,6999.0,"7 5800X (3.8GHz, 4.7GHz Turbo, 32MB Cache, 105W)",GeForce RTX 3070,AMD B550
Komputronik Infinity X512 [D5],4499.0,"i5-12400F (2.5GHz, 4.4GHz Turbo, 18MB Cache, 65W)",GeForce GTX 1650,Intel H610  (Asus H610M-A D4)
Komputronik Infinity X510 [N3],3499.0,"i5-10400F (2.9 GHz, 4.3 GHz Turbo, 12 MB Cache, 65W)",GeForce GTX 1650,Intel H470  (ASUS PRIME H410M-K R2.0)
Komputronik Infinity X511 [F6],4699.0,"i5-11400F (2.6 GHz, 4.4 GHz Turbo, 12MB Cache, 65W)",GeForce GTX 1650,Intel H510  (Asus H510M-D)
Komputronik Infinity X511 [M2],4990.0,"i5-11400F (2.6 GHz, 4.4 GHz Turbo, 12MB Cache, 65W)",Geforce RTX 3050,Intel B560  (Gigabyte B560M DS3H V2)
Komputronik Infinity X300 [C1],3399.0,"i3-10100F (3.60 GHz, 4.30 GHz Turbo, 6 MB Cache, 65W)",GeForce GTX 1650,Intel H470  (ASUS PRIME H410M-K R2.0)
Komputronik Infinity X312 [B1],3699.0,"i3-12100F (3.3 GHz, 4.3 GHz Turbo, 12MB Cache 58W)",GeForce GTX 1650,Intel H610  (Asus H610M-A D4)
Komputronik Infinity X712 [A1],9490.0,"i7-12700KF (3.6 GHz, 5.0 GHz Turbo, 25MB Cache 125W)",GeForce RTX 3060 Ti,Intel Z690  (Asus Z690-P WIFI D4)
Komputronik Infinity X512 [E1],5990.0,"i5-12400F (2.5GHz, 4.4GHz Turbo, 18MB Cache, 65W)",Geforce RTX 3060,Intel B660  (ASUS PRIME B660M-A WIFI D4)
Komputronik Powered by ASUS [F05],6490.0,"i5-12400F (2.5GHz, 4.4GHz Turbo, 18MB Cache, 65W)",GeForce RTX 3060 Ti,Intel B660  (ASUS PRIME B660M-A WIFI D4)
Komputronik Infinity X512 [E4],7190.0,"i5-12400F (2.5GHz, 4.4GHz Turbo, 18MB Cache, 65W)",Geforce RTX 3060,Intel B660  (ASUS PRIME B660M-A WIFI D4)
Komputronik Infinity X512 [E8],7490.0,"i5-12400F (2.5GHz, 4.4GHz Turbo, 18MB Cache, 65W)",Geforce RTX 3060,Intel B660  (ASUS PRIME B660M-A WIFI D4)
Komputronik Infinity X512 [B4],6190.0,"i5-12400F (2.5GHz, 4.4GHz Turbo, 18MB Cache, 65W)",Geforce RTX 3050,Intel H610  (ASUS PRIME H610M-E D4)
Komputronik Infinity X312 [C1],4690.0,"i3-12100F (3.3 GHz, 4.3 GHz Turbo, 12MB Cache 58W)",Geforce RTX 3050,Intel H610  (Asus H610M-A D4)
Komputronik Ultimate X711 [F2],11490.0,"i7-11700K (3.8 GHz, 5.1 GHz Turbo, 16MB Cache, 125W)",GeForce RTX 3070 Ti,Intel Z590  (Asus Z590-E Gaming WiFi)
Komputronik Infinity X512 [D8],5290.0,"i5-12400F (2.5GHz, 4.4GHz Turbo, 18MB Cache, 65W)",GeForce GTX 1650,Intel H610  (Asus H610M-A D4)
ASUS ROG Strix G15DK-R5800X339W,6299.0,"7 5800X (3.8GHz, 4.7GHz Turbo, 32MB Cache, 105W)",Geforce RTX 3060,AMD B550
Komputronik Ultimate X711 [H2],9090.0,"i7-11700K (3.8 GHz, 5.1 GHz Turbo, 16MB Cache, 125W)",GeForce RTX 3070,Intel Z590  (Asus Z590-P)
ASUS ROG Strix G10CE-51140F174W,5499.0,"i5-11400F (2.6 GHz, 4.4 GHz Turbo, 12MB Cache, 65W)",Geforce RTX 3060,Intel B560
Lenovo Legion T5-26IOB6 (90RT00CFPL),8990.0,"i7-11700F (2.5 GHz, 4.9 GHz Turbo, 16MB Cache, 65W)",GeForce RTX 3070,Intel B560
Lenovo IdeaCentre Gaming 5-14ACN6 (90RW002WPB),4599.0,"5 5600G (3.9GHz, 4.4GHz Turbo, 16MB Cache, 65W)",Geforce RTX 3060,
Komputronik Infinity X512 [D6],4999.0,"i5-12400F (2.5GHz, 4.4GHz Turbo, 18MB Cache, 65W)",GeForce GTX 1650,Intel H610  (Asus H610M-A D4)
Komputronik Infinity X510 [M4],5390.0,"i5-10400F (2.9 GHz, 4.3 GHz Turbo, 12 MB Cache, 65W)",GeForce GTX 1660 SUPER,Intel H410
Komputronik Infinity X510 [L2],4990.0,"i5-10400F (2.9 GHz, 4.3 GHz Turbo, 12 MB Cache, 65W)",GeForce RTX 2060,Intel H410  (Gigabyte H410M S2H V3)
Komputronik Infinity X512 [D2],4799.0,"i5-12400F (2.5GHz, 4.4GHz Turbo, 18MB Cache, 65W)",GeForce GTX 1650,Intel H610  (Asus H610M-A D4)
Komputronik Infinity X511 [M4],5790.0,"i5-11400F (2.6 GHz, 4.4 GHz Turbo, 12MB Cache, 65W)",Geforce RTX 3050,Intel B560  (Gigabyte B560M DS3H V2)
Komputronik Powered by ASUS [ProArt-B2],18290.0,"i7-12700KF (3.6 GHz, 5.0 GHz Turbo, 25MB Cache 125W)",GeForce RTX 3080 Ti,Intel Z690  (ProArt Z690-CREATOR WiFi)
Komputronik Infinity X712 [B2],8690.0,"i7-12700F (2.1 GHz, 4.9 GHz Turbo, 25MB Cache, 65W)",GeForce RTX 3060 Ti,Intel B660  (ASUS PRIME B660M-A D4)
Komputronik Infinity X312 [D1],5290.0,"i3-12100F (3.3 GHz, 4.3 GHz Turbo, 12MB Cache 58W)",Geforce RTX 3060,Intel H610  (Asus H610M-A D4)
Komputronik Infinity X511 [M3],5290.0,"i5-11400F (2.6 GHz, 4.4 GHz Turbo, 12MB Cache, 65W)",Geforce RTX 3050,Intel B560  (Gigabyte B560M DS3H V2)
Komputronik Infinity R550 [P1],4999.0,"5 5500 (3.6 GHz, 4.2 GHz Turbo, 16MB Cache, 65W)",Geforce RTX 3050,AMD B550
Komputronik Infinity X510 [K4],5990.0,"i5-10400F (2.9 GHz, 4.3 GHz Turbo, 12 MB Cache, 65W)",Geforce RTX 3060,Intel B560  (Gigabyte B560M Aorus Elite)
Komputronik Infinity X512 [E3],6490.0,"i5-12400F (2.5GHz, 4.4GHz Turbo, 18MB Cache, 65W)",Geforce RTX 3060,Intel B660  (ASUS PRIME B660M-A WIFI D4)
Komputronik Infinity X512 [J1],5690.0,"i5-12400F (2.5GHz, 4.4GHz Turbo, 18MB Cache, 65W)",Geforce RTX 3060,Intel B660  (Gigabyte B660M DS3H AX DDR4)
Lenovo IdeaCentre Gaming 5-14ACN6 (90RW002XPB),4999.0,"5 5600G (3.9GHz, 4.4GHz Turbo, 16MB Cache, 65W)",Geforce RTX 3060,
Komputronik Ultimate X711 [F1],10490.0,"i7-11700K (3.8 GHz, 5.1 GHz Turbo, 16MB Cache, 125W)",GeForce RTX 3070 Ti,Intel Z590  (Asus Z590-E Gaming WiFi)
Komputronik Infinity X511 [K6],6690.0,"i5-11400F (2.6 GHz, 4.4 GHz Turbo, 12MB Cache, 65W)",Geforce RTX 3060,Intel B560  (MSI B560-A PRO)
Komputronik Infinity X512 [K1],6290.0,"i5-12400F (2.5GHz, 4.4GHz Turbo, 18MB Cache, 65W)",GeForce RTX 3060 Ti,Intel B660  (ASUS PRIME B660M-A D4)
Komputronik Infinity X510 [P1],4599.0,"i5-10400F (2.9 GHz, 4.3 GHz Turbo, 12 MB Cache, 65W)",Geforce RTX 3050,Intel H470  (ASUS PRIME H410M-K R2.0)
Komputronik Infinity X300 [C2],4199.0,"i3-10100F (3.60 GHz, 4.30 GHz Turbo, 6 MB Cache, 65W)",GeForce GTX 1650,Intel H470  (ASUS PRIME H410M-K R2.0)
Komputronik Infinity X510 [M3],4499.0,"i5-10400F (2.9 GHz, 4.3 GHz Turbo, 12 MB Cache, 65W)",GeForce GTX 1660 SUPER,Intel H410
Komputronik Infinity X512 [H1],4399.0,"i5-12400F (2.5GHz, 4.4GHz Turbo, 18MB Cache, 65W)",GeForce GTX 1650,Intel H610  (Asus H610M-A D4)
Komputronik Infinity X510 [K6],5990.0,"i5-10400F (2.9 GHz, 4.3 GHz Turbo, 12 MB Cache, 65W)",Geforce RTX 3060,Intel B560  (Gigabyte B560M Aorus Elite)
Komputronik Infinity X511 [K4],6390.0,"i5-11400F (2.6 GHz, 4.4 GHz Turbo, 12MB Cache, 65W)",Geforce RTX 3060,Intel B560  (MSI B560-A PRO)
Komputronik Infinity X312 [D3],5890.0,"i3-12100F (3.3 GHz, 4.3 GHz Turbo, 12MB Cache 58W)",Geforce RTX 3060,Intel H610  (Asus H610M-A D4)
Komputronik Infinity X511 [L3],5190.0,"i5-11400F (2.6 GHz, 4.4 GHz Turbo, 12MB Cache, 65W)",Geforce RTX 3050,Intel H510  (ASUS PRIME H510M-E)
Komputronik Infinity X512 [L2],7490.0,"i5-12600KF (3.7 GHz, 4.9 GHz Turbo, 20MB Cache, 125W)",Geforce RTX 3060,Intel Z690  (ASUS PRIME Z690-P D4)
ASUS ROG Strix G15DK-R5800X2190 - 1TB M.2 PCIe | 32GB,7290.0,"7 5800X (3.8GHz, 4.7GHz Turbo, 32MB Cache, 105W)",GeForce RTX 3070,AMD B550
Komputronik Infinity X712 [C2],8490.0,"i7-12700F (2.1 GHz, 4.9 GHz Turbo, 25MB Cache, 65W)",GeForce RTX 3060 Ti,Intel B660  (ASUS PRIME B660M-A D4)
Komputronik Infinity X712 [B8],8890.0,"i7-12700F (2.1 GHz, 4.9 GHz Turbo, 25MB Cache, 65W)",GeForce RTX 3060 Ti,Intel B660  (ASUS PRIME B660M-A D4)
Komputronik Infinity X511 [J8],6990.0,"i5-11400F (2.6 GHz, 4.4 GHz Turbo, 12MB Cache, 65W)",Geforce RTX 3060,Intel B560  (Asus B560M-A)
Komputronik Infinity X712 [E2],7790.0,"i7-12700F (2.1 GHz, 4.9 GHz Turbo, 25MB Cache, 65W)",Geforce RTX 3060,Intel B660  (ASUS PRIME B660M-A D4)
Komputronik Infinity X712 [D2],7790.0,"i7-12700F (2.1 GHz, 4.9 GHz Turbo, 25MB Cache, 65W)",Geforce RTX 3060,Intel B660  (ASUS PRIME B660M-A D4)
Komputronik Infinity X312 [A1],3599.0,"i3-12100F (3.3 GHz, 4.3 GHz Turbo, 12MB Cache 58W)",GeForce GTX 1650,Intel H610  (ASUS PRIME H610M-E D4)
Komputronik Infinity X712 [B5],7990.0,"i7-12700F (2.1 GHz, 4.9 GHz Turbo, 25MB Cache, 65W)",GeForce RTX 3060 Ti,Intel B660  (ASUS PRIME B660M-A D4)
Komputronik Infinity X510 [P4],5490.0,"i5-10400F (2.9 GHz, 4.3 GHz Turbo, 12 MB Cache, 65W)",Geforce RTX 3050,Intel H470  (ASUS PRIME H410M-K R2.0)
Komputronik Infinity X512 [K2],6690.0,"i5-12400F (2.5GHz, 4.4GHz Turbo, 18MB Cache, 65W)",GeForce RTX 3060 Ti,Intel B660  (ASUS PRIME B660M-A D4)
Komputronik Infinity X511 [L1],4799.0,"i5-11400F (2.6 GHz, 4.4 GHz Turbo, 12MB Cache, 65W)",Geforce RTX 3050,Intel H510  (ASUS PRIME H510M-E)
Komputronik Infinity X512 [L6],8490.0,"i5-12600KF (3.7 GHz, 4.9 GHz Turbo, 20MB Cache, 125W)",Geforce RTX 3060,Intel Z690  (ASUS PRIME Z690-P D4)
Komputronik Infinity X510 [K8],6990.0,"i5-10400F (2.9 GHz, 4.3 GHz Turbo, 12 MB Cache, 65W)",Geforce RTX 3060,Intel B560  (Gigabyte B560M Aorus Elite)
Komputronik Infinity X312 [C3],4790.0,"i3-12100F (3.3 GHz, 4.3 GHz Turbo, 12MB Cache 58W)",Geforce RTX 3050,Intel H610  (Asus H610M-A D4)
Komputronik Infinity X511 [J6],6690.0,"i5-11400F (2.6 GHz, 4.4 GHz Turbo, 12MB Cache, 65W)",Geforce RTX 3060,Intel B560  (Asus B560M-A)
Komputronik Infinity X512 [B3],5490.0,"i5-12400F (2.5GHz, 4.4GHz Turbo, 18MB Cache, 65W)",Geforce RTX 3050,Intel H610  (ASUS PRIME H610M-E D4)
Komputronik Infinity X511 [K8],6790.0,"i5-11400F (2.6 GHz, 4.4 GHz Turbo, 12MB Cache, 65W)",Geforce RTX 3060,Intel B560  (MSI B560-A PRO)
Komputronik Infinity X510 [K5],5490.0,"i5-10400F (2.9 GHz, 4.3 GHz Turbo, 12 MB Cache, 65W)",Geforce RTX 3060,Intel B560  (Gigabyte B560M Aorus Elite)
Komputronik Infinity X712 [B6],8690.0,"i7-12700F (2.1 GHz, 4.9 GHz Turbo, 25MB Cache, 65W)",GeForce RTX 3060 Ti,Intel B660  (ASUS PRIME B660M-A D4)
Komputronik Infinity X511 [L2],4990.0,"i5-11400F (2.6 GHz, 4.4 GHz Turbo, 12MB Cache, 65W)",Geforce RTX 3050,Intel H510  (ASUS PRIME H510M-E)
Komputronik Infinity X512 [J5],6390.0,"i5-12400F (2.5GHz, 4.4GHz Turbo, 18MB Cache, 65W)",Geforce RTX 3060,Intel B660  (Gigabyte B660M DS3H AX DDR4)
Komputronik Infinity X511 [K7],5990.0,"i5-11400F (2.6 GHz, 4.4 GHz Turbo, 12MB Cache, 65W)",Geforce RTX 3060,Intel B560  (MSI B560-A PRO)
Komputronik Infinity X512 [H3],4299.0,"i5-12400F (2.5GHz, 4.4GHz Turbo, 18MB Cache, 65W)",GeForce GTX 1650,Intel H610  (Asus H610M-A D4)
Komputronik Infinity X512 [J2],6490.0,"i5-12400F (2.5GHz, 4.4GHz Turbo, 18MB Cache, 65W)",Geforce RTX 3060,Intel B660  (Gigabyte B660M DS3H AX DDR4)
Komputronik Infinity X712 [E1],7290.0,"i7-12700F (2.1 GHz, 4.9 GHz Turbo, 25MB Cache, 65W)",Geforce RTX 3060,Intel B660  (ASUS PRIME B660M-A D4)
